date, value
03-01-2000,101.7
04-01-2000,103.09
05-01-2000,103.77
06-01-2000,105.19
07-01-2000,105.17
10-01-2000,105.28
11-01-2000,106.09
12-01-2000,105.76
13-01-2000,106.09
14-01-2000,105.86
18-01-2000,105.49
19-01-2000,105.39
20-01-2000,105.45
21-01-2000,104.96
24-01-2000,105.52
25-01-2000,105.87
26-01-2000,105.85
27-01-2000,104.91
28-01-2000,107.15
31-01-2000,107.33
01-02-2000,107.67
02-02-2000,108.4
03-02-2000,107.92
04-02-2000,107.54
07-02-2000,108.75
08-02-2000,109.59
09-02-2000,109.11
10-02-2000,108.74
11-02-2000,108.99
14-02-2000,108.65
15-02-2000,108.75
16-02-2000,109.38
17-02-2000,110.27
18-02-2000,110.88
22-02-2000,111.04
23-02-2000,111.11
24-02-2000,110.95
25-02-2000,110.98
28-02-2000,109.17
29-02-2000,109.88
01-03-2000,107.1
02-03-2000,107.37
03-03-2000,107.8
06-03-2000,107.74
07-03-2000,106.2
08-03-2000,106.89
09-03-2000,106.45
10-03-2000,106.27
13-03-2000,105.32
14-03-2000,104.85
15-03-2000,105.58
16-03-2000,105.63
17-03-2000,106.1
20-03-2000,106.5
21-03-2000,106.91
22-03-2000,106.77
23-03-2000,107.45
24-03-2000,107.25
27-03-2000,107.13
28-03-2000,105.9
29-03-2000,105.6
30-03-2000,105.53
31-03-2000,102.73
03-04-2000,104.82
04-04-2000,105.33
05-04-2000,105
06-04-2000,104.78
07-04-2000,105.33
10-04-2000,106.37
11-04-2000,106.95
12-04-2000,105.86
13-04-2000,105.76
14-04-2000,105.12
17-04-2000,104.19
18-04-2000,104.59
19-04-2000,104.94
20-04-2000,105.45
21-04-2000,105.88
24-04-2000,105.66
25-04-2000,105.71
26-04-2000,106.46
27-04-2000,106.36
28-04-2000,107.98
01-05-2000,108.89
02-05-2000,108.63
03-05-2000,109.14
04-05-2000,108.17
05-05-2000,108.53
08-05-2000,109.03
09-05-2000,109.61
10-05-2000,109.33
11-05-2000,108.47
12-05-2000,108.74
15-05-2000,109.48
16-05-2000,109.75
17-05-2000,109.53
18-05-2000,108.7
19-05-2000,106.89
22-05-2000,107.02
23-05-2000,106.72
24-05-2000,107.58
25-05-2000,107.48
26-05-2000,107.18
30-05-2000,106.44
31-05-2000,107.74
01-06-2000,108.74
02-06-2000,108.15
05-06-2000,107.44
06-06-2000,105.64
07-06-2000,105.5
08-06-2000,105.86
09-06-2000,106.78
12-06-2000,106.65
13-06-2000,106.79
14-06-2000,106.89
15-06-2000,106.52
16-06-2000,106.22
19-06-2000,105.74
20-06-2000,105.42
21-06-2000,105.5
22-06-2000,104.4
23-06-2000,104.59
26-06-2000,105.66
27-06-2000,105.53
28-06-2000,105.51
29-06-2000,105.09
30-06-2000,106.14
03-07-2000,105.64
05-07-2000,106.91
06-07-2000,107.37
07-07-2000,107.81
10-07-2000,107.1
11-07-2000,106.93
12-07-2000,108.36
13-07-2000,108.27
14-07-2000,107.88
17-07-2000,108.53
18-07-2000,108.3
19-07-2000,108.2
20-07-2000,107.89
21-07-2000,109.08
24-07-2000,108.92
25-07-2000,109.3
26-07-2000,109.28
27-07-2000,109.15
28-07-2000,109.63
31-07-2000,109.68
01-08-2000,109.47
02-08-2000,108.77
03-08-2000,108.36
04-08-2000,108.54
07-08-2000,108.99
08-08-2000,108.64
09-08-2000,107.99
10-08-2000,108.7
11-08-2000,108.68
14-08-2000,109.52
15-08-2000,109
16-08-2000,108.55
17-08-2000,108.48
18-08-2000,108.43
21-08-2000,108.53
22-08-2000,108.34
23-08-2000,107.02
24-08-2000,106.89
25-08-2000,107.17
28-08-2000,106.45
29-08-2000,106.2
30-08-2000,106.47
31-08-2000,106.66
01-09-2000,105.78
05-09-2000,105.88
06-09-2000,106.08
07-09-2000,105.1
08-09-2000,106.03
11-09-2000,105.97
12-09-2000,106.93
13-09-2000,107.11
14-09-2000,107.25
15-09-2000,107.33
18-09-2000,106.87
19-09-2000,107.02
20-09-2000,106.77
21-09-2000,106.5
22-09-2000,107.94
25-09-2000,107.63
26-09-2000,107.63
27-09-2000,107.44
28-09-2000,107.59
29-09-2000,107.9
02-10-2000,108.81
03-10-2000,108.66
04-10-2000,109.29
05-10-2000,109.3
06-10-2000,108.81
10-10-2000,107.9
11-10-2000,107.63
12-10-2000,107.58
13-10-2000,107.67
16-10-2000,108.3
17-10-2000,108.15
18-10-2000,107.78
19-10-2000,108.55
20-10-2000,109.04
23-10-2000,108.45
24-10-2000,108.08
25-10-2000,108.05
26-10-2000,108.36
27-10-2000,108.75
30-10-2000,108.99
31-10-2000,109.15
01-11-2000,108.48
02-11-2000,108.39
03-11-2000,107.58
06-11-2000,107.34
07-11-2000,107.3
08-11-2000,107.57
09-11-2000,107.41
10-11-2000,107.83
13-11-2000,107.7
14-11-2000,108.15
15-11-2000,108.75
16-11-2000,109.08
17-11-2000,108.86
20-11-2000,109.79
21-11-2000,110.29
22-11-2000,110.16
24-11-2000,111.38
27-11-2000,110.7
28-11-2000,110.23
29-11-2000,111.28
30-11-2000,110.93
01-12-2000,111.15
04-12-2000,111.07
05-12-2000,111
06-12-2000,110.42
07-12-2000,110.7
08-12-2000,111.29
11-12-2000,110.77
12-12-2000,111.5
13-12-2000,112.4
14-12-2000,112.42
15-12-2000,112.55
18-12-2000,112.06
19-12-2000,112.55
20-12-2000,112.58
21-12-2000,112.18
22-12-2000,112.75
26-12-2000,113.62
27-12-2000,114.2
28-12-2000,114.62
29-12-2000,114.35
02-01-2001,114.73
03-01-2001,114.26
04-01-2001,115.47
05-01-2001,116.19
08-01-2001,115.97
09-01-2001,116.64
10-01-2001,116.26
11-01-2001,117.56
12-01-2001,117.76
16-01-2001,117.28
17-01-2001,118.35
18-01-2001,117.78
19-01-2001,117.23
22-01-2001,116.62
23-01-2001,116.95
24-01-2001,118.18
25-01-2001,116.91
26-01-2001,117.16
29-01-2001,116.67
30-01-2001,115.75
31-01-2001,116.39
01-02-2001,115.33
02-02-2001,115.65
05-02-2001,114.99
06-02-2001,114.88
07-02-2001,116.21
08-02-2001,116.3
09-02-2001,117.57
12-02-2001,117.62
13-02-2001,117.3
14-02-2001,116.65
15-02-2001,115.67
16-02-2001,115.46
20-02-2001,115.57
21-02-2001,116.45
22-02-2001,116.53
23-02-2001,116.15
26-02-2001,116.63
27-02-2001,116.2
28-02-2001,117.28
01-03-2001,117.33
02-03-2001,119.06
05-03-2001,119.08
06-03-2001,118.87
07-03-2001,119.86
08-03-2001,119.51
09-03-2001,119.71
12-03-2001,120.63
13-03-2001,120.2
14-03-2001,120.97
15-03-2001,122.23
16-03-2001,122.85
19-03-2001,122.57
20-03-2001,122.73
21-03-2001,123.62
22-03-2001,123.84
23-03-2001,122.64
26-03-2001,122.81
27-03-2001,122.99
28-03-2001,122.62
29-03-2001,123.45
30-03-2001,125.54
02-04-2001,126.75
03-04-2001,125.41
04-04-2001,125.38
05-04-2001,124.33
06-04-2001,124.03
09-04-2001,124.85
10-04-2001,124.48
11-04-2001,124.82
12-04-2001,123.51
13-04-2001,124.15
16-04-2001,124.64
17-04-2001,123.67
18-04-2001,122.35
19-04-2001,121.87
20-04-2001,122.52
23-04-2001,121.68
24-04-2001,122.08
25-04-2001,122.21
26-04-2001,123.13
27-04-2001,123.76
30-04-2001,123.57
01-05-2001,121.92
02-05-2001,121.72
03-05-2001,121.19
04-05-2001,121.05
07-05-2001,121.34
08-05-2001,121.66
09-05-2001,122.25
10-05-2001,122.71
11-05-2001,122.5
14-05-2001,123.12
15-05-2001,123.26
16-05-2001,123.59
17-05-2001,122.68
18-05-2001,123.67
21-05-2001,122.91
22-05-2001,122.79
23-05-2001,120.39
24-05-2001,120.15
25-05-2001,120.75
29-05-2001,120.1
30-05-2001,120.27
31-05-2001,118.88
01-06-2001,119.13
04-06-2001,119.5
05-06-2001,120.27
06-06-2001,120.35
07-06-2001,119.91
08-06-2001,120.6
11-06-2001,122.02
12-06-2001,121.74
13-06-2001,121.89
14-06-2001,121.42
15-06-2001,122.97
18-06-2001,123.2
19-06-2001,122.97
20-06-2001,123.3
21-06-2001,124.4
22-06-2001,124.25
25-06-2001,124.02
26-06-2001,123.82
27-06-2001,124.25
28-06-2001,124.63
29-06-2001,124.73
02-07-2001,124.22
03-07-2001,124.48
05-07-2001,125.77
06-07-2001,125.85
09-07-2001,125.43
10-07-2001,125.53
11-07-2001,124.06
12-07-2001,124.1
13-07-2001,124.75
16-07-2001,125.44
17-07-2001,124.89
18-07-2001,124.35
19-07-2001,123.61
20-07-2001,122.85
23-07-2001,124.19
24-07-2001,124
25-07-2001,123.64
26-07-2001,123.83
27-07-2001,123.29
30-07-2001,125.18
31-07-2001,125
01-08-2001,124.87
02-08-2001,123.72
03-08-2001,123.46
06-08-2001,123.85
07-08-2001,123.83
08-08-2001,123.2
09-08-2001,123.03
10-08-2001,121.97
13-08-2001,122.46
14-08-2001,121.6
15-08-2001,119.92
16-08-2001,120.11
17-08-2001,120.37
20-08-2001,120.72
21-08-2001,119.91
22-08-2001,119.91
23-08-2001,119.84
24-08-2001,120.13
27-08-2001,120.12
28-08-2001,120.48
29-08-2001,119.79
30-08-2001,119.4
31-08-2001,118.75
04-09-2001,119.49
05-09-2001,120.76
06-09-2001,120.95
07-09-2001,120.07
10-09-2001,121.08
12-09-2001,119.53
13-09-2001,118.81
14-09-2001,117.38
17-09-2001,117.59
18-09-2001,117.32
19-09-2001,117.3
20-09-2001,115.89
21-09-2001,116.73
24-09-2001,117.52
25-09-2001,117.78
26-09-2001,117.89
27-09-2001,119.69
28-09-2001,119.23
01-10-2001,120.27
02-10-2001,120.78
03-10-2001,120.67
04-10-2001,120.63
05-10-2001,120.37
09-10-2001,120.2
10-10-2001,120.43
11-10-2001,121.57
12-10-2001,120.93
15-10-2001,120.94
16-10-2001,121.27
17-10-2001,121.05
18-10-2001,121.18
19-10-2001,121.15
22-10-2001,122.45
23-10-2001,122.83
24-10-2001,122.86
25-10-2001,122.72
26-10-2001,122.99
29-10-2001,122.08
30-10-2001,122.07
31-10-2001,122.54
01-11-2001,121.87
02-11-2001,121.68
05-11-2001,121.72
06-11-2001,121.15
07-11-2001,121.05
08-11-2001,119.98
09-11-2001,120.25
13-11-2001,121.45
14-11-2001,121.67
15-11-2001,122.4
16-11-2001,122.67
19-11-2001,123.27
20-11-2001,122.62
21-11-2001,123.19
23-11-2001,124.44
26-11-2001,124.2
27-11-2001,124.17
28-11-2001,123.29
29-11-2001,123.82
30-11-2001,123.22
03-12-2001,123.9
04-12-2001,124.28
05-12-2001,124.4
06-12-2001,124.83
07-12-2001,125.66
10-12-2001,126.27
11-12-2001,126.23
12-12-2001,126.52
13-12-2001,126.32
14-12-2001,127.24
17-12-2001,127.54
18-12-2001,127.97
19-12-2001,128.2
20-12-2001,128.55
21-12-2001,129.48
24-12-2001,129.9
26-12-2001,130.79
27-12-2001,131.47
28-12-2001,131.3
31-12-2001,131.04
02-01-2002,132.02
03-01-2002,131.76
04-01-2002,131.02
07-01-2002,130.93
08-01-2002,132.53
09-01-2002,132.62
10-01-2002,132.61
11-01-2002,132.17
14-01-2002,131.83
15-01-2002,131.14
16-01-2002,131.77
17-01-2002,132.13
18-01-2002,132.64
22-01-2002,133.98
23-01-2002,134.25
24-01-2002,134.64
25-01-2002,134.47
28-01-2002,133.43
29-01-2002,133.51
30-01-2002,132.84
31-01-2002,134.06
01-02-2002,133.77
04-02-2002,132.71
05-02-2002,133.9
06-02-2002,133.72
07-02-2002,133.49
08-02-2002,134.77
11-02-2002,133.62
12-02-2002,132.82
13-02-2002,133.23
14-02-2002,132.26
15-02-2002,132.76
19-02-2002,133.45
20-02-2002,133.76
21-02-2002,134.27
22-02-2002,133.85
25-02-2002,133.89
26-02-2002,134.35
27-02-2002,134.63
28-02-2002,133.96
01-03-2002,133.35
04-03-2002,132.2
05-03-2002,132.31
06-03-2002,130.85
07-03-2002,127.07
08-03-2002,128.21
11-03-2002,128.08
12-03-2002,128.67
13-03-2002,129.43
14-03-2002,128.94
15-03-2002,129.1
18-03-2002,131.27
19-03-2002,132.3
20-03-2002,131.6
21-03-2002,131.86
22-03-2002,132.88
25-03-2002,133.46
26-03-2002,132.78
27-03-2002,132.61
28-03-2002,132.61
29-03-2002,132.7
01-04-2002,133.32
02-04-2002,133.4
03-04-2002,132.65
04-04-2002,132.3
05-04-2002,131.73
08-04-2002,131.27
09-04-2002,131.03
10-04-2002,130.75
11-04-2002,131.55
12-04-2002,132.09
15-04-2002,131.95
16-04-2002,131.19
17-04-2002,130.7
18-04-2002,129.84
19-04-2002,130.5
22-04-2002,129.9
23-04-2002,129.89
24-04-2002,129.76
25-04-2002,128.4
26-04-2002,128.18
29-04-2002,128.13
30-04-2002,128.45
01-05-2002,127.45
02-05-2002,128.02
03-05-2002,127.21
06-05-2002,127.27
07-05-2002,127.8
08-05-2002,128.64
09-05-2002,128.36
10-05-2002,127.89
13-05-2002,127.69
14-05-2002,128.66
15-05-2002,127.92
16-05-2002,128.19
17-05-2002,126.03
20-05-2002,125.64
21-05-2002,123.83
22-05-2002,124.16
23-05-2002,124.84
24-05-2002,124.71
28-05-2002,124.38
29-05-2002,124.35
30-05-2002,123.08
31-05-2002,124.13
03-06-2002,123.69
04-06-2002,123.95
05-06-2002,124.4
06-06-2002,124.34
07-06-2002,124.49
10-06-2002,124.6
11-06-2002,125.56
12-06-2002,125.64
13-06-2002,125.12
14-06-2002,124.25
17-06-2002,124.37
18-06-2002,124.56
19-06-2002,124.04
20-06-2002,123.33
21-06-2002,121.23
24-06-2002,121.28
25-06-2002,121.9
26-06-2002,119.83
27-06-2002,119.38
28-06-2002,119.85
01-07-2002,120.04
02-07-2002,120.13
03-07-2002,119.77
05-07-2002,120.19
08-07-2002,118.66
09-07-2002,117.85
10-07-2002,117.94
11-07-2002,116.62
12-07-2002,116.73
15-07-2002,116.06
16-07-2002,115.71
17-07-2002,116.24
18-07-2002,117.02
19-07-2002,115.73
22-07-2002,116.22
23-07-2002,117.35
24-07-2002,116.33
25-07-2002,116.87
26-07-2002,118.78
29-07-2002,119.87
30-07-2002,119.9
31-07-2002,119.77
01-08-2002,119.1
02-08-2002,118.98
05-08-2002,119.26
06-08-2002,121.14
07-08-2002,120.37
08-08-2002,121.04
09-08-2002,120.15
12-08-2002,118.85
13-08-2002,119.08
14-08-2002,116.53
15-08-2002,117.28
16-08-2002,117.51
19-08-2002,118.53
20-08-2002,118.84
21-08-2002,118.54
22-08-2002,119.85
23-08-2002,119.53
26-08-2002,119.54
27-08-2002,118.31
28-08-2002,118.31
29-08-2002,118.34
30-08-2002,118.76
03-09-2002,117.12
04-09-2002,118.01
05-09-2002,118.34
06-09-2002,118.48
09-09-2002,118.85
10-09-2002,119.78
11-09-2002,120.64
12-09-2002,120.68
13-09-2002,121.5
16-09-2002,122.17
17-09-2002,122.64
18-09-2002,121.49
19-09-2002,121.48
20-09-2002,123.16
23-09-2002,123.93
24-09-2002,123.38
25-09-2002,122.72
26-09-2002,122.59
27-09-2002,122.86
30-09-2002,121.74
01-10-2002,122.73
02-10-2002,123.21
03-10-2002,123.04
04-10-2002,123.02
07-10-2002,124.44
08-10-2002,124.26
09-10-2002,123.55
10-10-2002,123.64
11-10-2002,124.04
15-10-2002,124.66
16-10-2002,124.3
17-10-2002,124.8
18-10-2002,125.52
21-10-2002,124.71
22-10-2002,125.09
23-10-2002,124.17
24-10-2002,124.77
25-10-2002,124.14
28-10-2002,123.64
29-10-2002,122.55
30-10-2002,122.91
31-10-2002,122.78
01-11-2002,122.16
04-11-2002,122.46
05-11-2002,121.84
06-11-2002,122.22
07-11-2002,121.26
08-11-2002,119.72
12-11-2002,119.57
13-11-2002,120.28
14-11-2002,120.45
15-11-2002,120.37
18-11-2002,121.15
19-11-2002,121.65
20-11-2002,122.52
21-11-2002,122.92
22-11-2002,122.84
25-11-2002,122.32
26-11-2002,121.89
27-11-2002,122.21
29-11-2002,122.72
02-12-2002,124.61
03-12-2002,124.42
04-12-2002,124.84
05-12-2002,124.99
06-12-2002,123.69
09-12-2002,123.36
10-12-2002,123.66
11-12-2002,123.46
12-12-2002,122.75
13-12-2002,120.71
16-12-2002,121.28
17-12-2002,121.27
18-12-2002,121.12
19-12-2002,120.86
20-12-2002,120.52
23-12-2002,120.77
24-12-2002,120.27
26-12-2002,120.12
27-12-2002,119.92
30-12-2002,118.38
31-12-2002,118.75
02-01-2003,119.86
03-01-2003,119.85
06-01-2003,119.06
07-01-2003,120.18
08-01-2003,119.35
09-01-2003,119.57
10-01-2003,119.44
13-01-2003,119.03
14-01-2003,117.96
15-01-2003,117.91
16-01-2003,118.02
17-01-2003,117.88
21-01-2003,118.57
22-01-2003,118.15
23-01-2003,117.83
24-01-2003,117.8
27-01-2003,118.64
28-01-2003,118.67
29-01-2003,118.13
30-01-2003,119.22
31-01-2003,119.96
03-02-2003,120.47
04-02-2003,119.75
05-02-2003,119.78
06-02-2003,119.93
07-02-2003,120.4
10-02-2003,121.25
11-02-2003,121.19
12-02-2003,121.3
13-02-2003,120.49
14-02-2003,120.41
18-02-2003,118.93
19-02-2003,118.65
20-02-2003,118.18
21-02-2003,118.78
24-02-2003,117.78
25-02-2003,117.14
26-02-2003,117.19
27-02-2003,117.58
28-02-2003,118.22
03-03-2003,117.93
04-03-2003,117.96
05-03-2003,117.32
06-03-2003,117.22
07-03-2003,116.47
10-03-2003,116.55
11-03-2003,117.07
12-03-2003,117.18
13-03-2003,118.31
14-03-2003,118.59
17-03-2003,118.45
18-03-2003,118.9
19-03-2003,120.13
20-03-2003,120.05
21-03-2003,121.42
24-03-2003,120.69
25-03-2003,120.03
26-03-2003,120.13
27-03-2003,119.78
28-03-2003,120.18
31-03-2003,118.07
01-04-2003,118.25
02-04-2003,119.17
03-04-2003,119.55
04-04-2003,120.05
07-04-2003,120.41
08-04-2003,119.91
09-04-2003,120.55
10-04-2003,119.58
11-04-2003,120.47
14-04-2003,120.3
15-04-2003,120.2
16-04-2003,120.04
17-04-2003,119.3
18-04-2003,119.72
21-04-2003,120.55
22-04-2003,119.68
23-04-2003,120.33
24-04-2003,119.83
25-04-2003,120.25
28-04-2003,120.34
29-04-2003,120.14
30-04-2003,119.07
01-05-2003,118.56
02-05-2003,119.1
05-05-2003,118.64
06-05-2003,117.94
07-05-2003,116.51
08-05-2003,116.65
09-05-2003,117.2
12-05-2003,116.94
13-05-2003,116.56
14-05-2003,116.16
15-05-2003,115.94
16-05-2003,116.01
19-05-2003,116.58
20-05-2003,116.77
21-05-2003,117.23
22-05-2003,117.25
23-05-2003,116.89
27-05-2003,117.12
28-05-2003,118.73
29-05-2003,118.45
30-05-2003,119.5
02-06-2003,118.52
03-06-2003,119.27
04-06-2003,118.6
05-06-2003,117.61
06-06-2003,118.83
09-06-2003,118.11
10-06-2003,117.68
11-06-2003,117.69
12-06-2003,117.66
13-06-2003,117.46
16-06-2003,117.79
17-06-2003,118.2
18-06-2003,118.4
19-06-2003,118.74
20-06-2003,118.39
23-06-2003,117.55
24-06-2003,117.96
25-06-2003,117.54
26-06-2003,119.32
27-06-2003,119.72
30-06-2003,119.87
01-07-2003,119.45
02-07-2003,118.63
03-07-2003,118.24
07-07-2003,118.08
08-07-2003,118.58
09-07-2003,117.85
10-07-2003,117.69
11-07-2003,117.8
14-07-2003,117.54
15-07-2003,117.24
16-07-2003,118.24
17-07-2003,118.87
18-07-2003,118.4
21-07-2003,118.35
22-07-2003,119.34
23-07-2003,118.77
24-07-2003,119.25
25-07-2003,118.82
28-07-2003,119.42
29-07-2003,119.78
30-07-2003,120.55
31-07-2003,120.42
01-08-2003,120
04-08-2003,120.47
05-08-2003,119.95
06-08-2003,120.33
07-08-2003,118.91
08-08-2003,119.02
11-08-2003,118.36
12-08-2003,118.53
13-08-2003,119.07
14-08-2003,119.14
15-08-2003,119.24
18-08-2003,119.43
19-08-2003,119.26
20-08-2003,118.23
21-08-2003,117.58
22-08-2003,117.58
25-08-2003,117.43
26-08-2003,117.49
27-08-2003,117.74
28-08-2003,117.44
29-08-2003,116.71
02-09-2003,116.15
03-09-2003,116.04
04-09-2003,116.77
05-09-2003,117.06
08-09-2003,116.48
09-09-2003,116.33
10-09-2003,117.13
11-09-2003,117.07
12-09-2003,117.38
15-09-2003,117.41
16-09-2003,116.27
17-09-2003,115.99
18-09-2003,115.27
19-09-2003,113.99
22-09-2003,111.95
23-09-2003,111.65
24-09-2003,111.7
25-09-2003,111.86
26-09-2003,111.8
29-09-2003,111.07
30-09-2003,111.43
01-10-2003,110.61
02-10-2003,110.59
03-10-2003,110.9
06-10-2003,110.81
07-10-2003,109.81
08-10-2003,109.55
09-10-2003,109.34
10-10-2003,108.57
14-10-2003,109.29
15-10-2003,109.56
16-10-2003,109.36
17-10-2003,109.57
20-10-2003,110.22
21-10-2003,109.69
22-10-2003,108.95
23-10-2003,109.59
24-10-2003,109.23
27-10-2003,108.38
28-10-2003,108.33
29-10-2003,108.18
30-10-2003,108.27
31-10-2003,110.1
03-11-2003,111.2
04-11-2003,109.6
05-11-2003,109.91
06-11-2003,110.15
07-11-2003,109.29
10-11-2003,107.98
12-11-2003,108.55
13-11-2003,108.33
14-11-2003,108.43
17-11-2003,108.98
18-11-2003,108.11
19-11-2003,109.06
20-11-2003,108.99
21-11-2003,108.87
24-11-2003,109.39
25-11-2003,109.72
26-11-2003,109.11
28-11-2003,109.53
01-12-2003,109.61
02-12-2003,108.82
03-12-2003,108.17
04-12-2003,108.19
05-12-2003,107.78
08-12-2003,107.23
09-12-2003,107.3
10-12-2003,108.4
11-12-2003,108.23
12-12-2003,107.73
15-12-2003,107.52
16-12-2003,107.6
17-12-2003,107.42
18-12-2003,107.92
19-12-2003,107.94
22-12-2003,107.4
23-12-2003,107.44
24-12-2003,107.29
26-12-2003,107.18
29-12-2003,106.93
30-12-2003,107
31-12-2003,107.13
02-01-2004,106.95
05-01-2004,106.1
06-01-2004,106.2
07-01-2004,106.19
08-01-2004,106.17
09-01-2004,106.54
12-01-2004,106.48
13-01-2004,106.25
14-01-2004,106.06
15-01-2004,106.1
16-01-2004,106.87
20-01-2004,107.17
21-01-2004,106.84
22-01-2004,106.08
23-01-2004,106.21
26-01-2004,106.15
27-01-2004,105.56
28-01-2004,105.52
29-01-2004,106.09
30-01-2004,105.84
02-02-2004,105.59
03-02-2004,105.36
04-02-2004,105.53
05-02-2004,105.52
06-02-2004,105.57
09-02-2004,105.68
10-02-2004,105.55
11-02-2004,105.37
12-02-2004,105.42
13-02-2004,105.6
17-02-2004,105.8
18-02-2004,106.37
19-02-2004,107.09
20-02-2004,108.83
23-02-2004,108.22
24-02-2004,108.11
25-02-2004,108.99
26-02-2004,109.59
27-02-2004,109.26
01-03-2004,108.93
02-03-2004,110.27
03-03-2004,110.25
04-03-2004,110.74
05-03-2004,111.42
08-03-2004,112.12
09-03-2004,111.2
10-03-2004,111.04
11-03-2004,110.89
12-03-2004,110.82
15-03-2004,110.48
16-03-2004,108.95
17-03-2004,108.18
18-03-2004,106.6
19-03-2004,106.97
22-03-2004,106.84
23-03-2004,106.63
24-03-2004,106.23
25-03-2004,106.06
26-03-2004,105.93
29-03-2004,105.52
30-03-2004,105.61
31-03-2004,104.18
01-04-2004,103.7
02-04-2004,104.55
05-04-2004,105.36
06-04-2004,105.9
07-04-2004,105.2
08-04-2004,106.1
09-04-2004,106.45
12-04-2004,105.5
13-04-2004,106.96
14-04-2004,108.53
15-04-2004,108.58
16-04-2004,107.69
19-04-2004,108.5
20-04-2004,108.43
21-04-2004,109.55
22-04-2004,109.85
23-04-2004,109.38
26-04-2004,108.55
27-04-2004,109.48
28-04-2004,109.85
29-04-2004,109.96
30-04-2004,110.37
03-05-2004,110.34
04-05-2004,110.02
05-05-2004,108.5
06-05-2004,109.58
07-05-2004,112.3
10-05-2004,114.03
11-05-2004,113.67
12-05-2004,113.21
13-05-2004,114.25
14-05-2004,114.3
17-05-2004,114.1
18-05-2004,114.06
19-05-2004,112.77
20-05-2004,113.18
21-05-2004,112.09
24-05-2004,112.66
25-05-2004,112.21
26-05-2004,111.7
27-05-2004,110.77
28-05-2004,110.18
01-06-2004,110.45
02-06-2004,110.28
03-06-2004,111.14
04-06-2004,111.27
07-06-2004,109.61
08-06-2004,109.77
09-06-2004,109.74
10-06-2004,109.33
11-06-2004,110.09
14-06-2004,111.15
15-06-2004,109.59
16-06-2004,110.15
17-06-2004,109.63
18-06-2004,108.65
21-06-2004,108.57
22-06-2004,109
23-06-2004,108.64
24-06-2004,107.1
25-06-2004,107.82
28-06-2004,107.95
29-06-2004,108.18
30-06-2004,109.43
01-07-2004,108.24
02-07-2004,108.6
06-07-2004,109.24
07-07-2004,108.38
08-07-2004,108.76
09-07-2004,108.21
12-07-2004,108.24
13-07-2004,109.37
14-07-2004,109.13
15-07-2004,109.52
16-07-2004,108.77
19-07-2004,108.28
20-07-2004,108.38
21-07-2004,110.1
22-07-2004,109.68
23-07-2004,110.11
26-07-2004,110.08
27-07-2004,111.09
28-07-2004,111.78
29-07-2004,111.88
30-07-2004,111.39
02-08-2004,111.08
03-08-2004,110.6
04-08-2004,111.29
05-08-2004,111.53
06-08-2004,110.05
09-08-2004,110.57
10-08-2004,110.79
11-08-2004,110.78
12-08-2004,111.14
13-08-2004,110.67
16-08-2004,110.64
17-08-2004,110.07
18-08-2004,109.71
19-08-2004,109.34
20-08-2004,109.32
23-08-2004,109.47
24-08-2004,109.63
25-08-2004,110.38
26-08-2004,109.73
27-08-2004,109.51
30-08-2004,109.84
31-08-2004,109
01-09-2004,109.62
02-09-2004,109.52
03-09-2004,110.47
07-09-2004,109.32
08-09-2004,109.22
09-09-2004,109.69
10-09-2004,109.33
13-09-2004,110.13
14-09-2004,109.4
15-09-2004,110.34
16-09-2004,109.75
17-09-2004,109.97
20-09-2004,109.87
21-09-2004,109.94
22-09-2004,110.53
23-09-2004,110.39
24-09-2004,110.72
27-09-2004,111.13
28-09-2004,111.48
29-09-2004,110.9
30-09-2004,110.2
01-10-2004,110.45
04-10-2004,111.13
05-10-2004,111.21
06-10-2004,111.34
07-10-2004,111.15
08-10-2004,109.44
12-10-2004,109.79
13-10-2004,109.78
14-10-2004,109.6
15-10-2004,109.14
18-10-2004,109.23
19-10-2004,108.36
20-10-2004,108.16
21-10-2004,107.43
22-10-2004,107.42
25-10-2004,106.61
26-10-2004,106.63
27-10-2004,106.67
28-10-2004,106.09
29-10-2004,106.04
01-11-2004,106.41
02-11-2004,106.29
03-11-2004,106.2
04-11-2004,106.02
05-11-2004,105.6
08-11-2004,105.57
09-11-2004,105.57
10-11-2004,106.91
12-11-2004,105.53
15-11-2004,105.53
16-11-2004,105.35
17-11-2004,104.18
18-11-2004,104.23
19-11-2004,102.8
22-11-2004,103.2
23-11-2004,103.42
24-11-2004,102.94
26-11-2004,102.58
29-11-2004,102.61
30-11-2004,103.04
01-12-2004,102.78
02-12-2004,103.11
03-12-2004,102.56
06-12-2004,102.68
07-12-2004,102.74
08-12-2004,104.74
09-12-2004,104.93
10-12-2004,105.45
13-12-2004,104.67
14-12-2004,105.59
15-12-2004,104.02
16-12-2004,104.36
17-12-2004,104.28
20-12-2004,104.01
21-12-2004,104.33
22-12-2004,103.95
23-12-2004,103.71
24-12-2004,103.65
27-12-2004,102.97
28-12-2004,103.13
29-12-2004,104.19
30-12-2004,103.11
31-12-2004,102.68
03-01-2005,102.83
04-01-2005,104.27
05-01-2005,103.95
06-01-2005,104.87
07-01-2005,104.93
10-01-2005,104.32
11-01-2005,103.42
12-01-2005,102.26
13-01-2005,102.55
14-01-2005,102.5
18-01-2005,102.36
19-01-2005,102.52
20-01-2005,103.31
21-01-2005,102.85
24-01-2005,102.67
25-01-2005,104.16
26-01-2005,102.9
27-01-2005,103.15
28-01-2005,103.45
31-01-2005,103.55
01-02-2005,103.93
02-02-2005,104.05
03-02-2005,104.55
04-02-2005,103.7
07-02-2005,104.68
08-02-2005,105.65
09-02-2005,105.84
10-02-2005,105.69
11-02-2005,105.75
14-02-2005,104.94
15-02-2005,104.47
16-02-2005,105.62
17-02-2005,105.4
18-02-2005,105.69
22-02-2005,104.15
23-02-2005,104.96
24-02-2005,105.41
25-02-2005,105.21
28-02-2005,104.25
01-03-2005,104.37
02-03-2005,104.71
03-03-2005,105.02
04-03-2005,104.46
07-03-2005,105.22
08-03-2005,104.51
09-03-2005,103.87
10-03-2005,104.15
11-03-2005,103.93
14-03-2005,105.01
15-03-2005,104.54
16-03-2005,104.1
17-03-2005,104.57
18-03-2005,104.7
21-03-2005,105.1
22-03-2005,104.99
23-03-2005,105.76
24-03-2005,106.26
25-03-2005,106.32
28-03-2005,107.22
29-03-2005,107.49
30-03-2005,107.33
31-03-2005,107.22
01-04-2005,107.57
04-04-2005,108.28
05-04-2005,108.43
06-04-2005,108.67
07-04-2005,108.44
08-04-2005,108.26
11-04-2005,107.79
12-04-2005,108.26
13-04-2005,107.32
14-04-2005,108.18
15-04-2005,107.65
18-04-2005,107.39
19-04-2005,107.02
20-04-2005,106.82
21-04-2005,106.85
22-04-2005,105.85
25-04-2005,105.67
26-04-2005,106.03
27-04-2005,105.98
28-04-2005,105.97
29-04-2005,104.64
02-05-2005,105.07
03-05-2005,105.16
04-05-2005,104.77
05-05-2005,104.41
06-05-2005,104.93
09-05-2005,105.54
10-05-2005,105.53
11-05-2005,105.74
12-05-2005,106.68
13-05-2005,107.14
16-05-2005,107.02
17-05-2005,107.15
18-05-2005,107.05
19-05-2005,107.43
20-05-2005,108.17
23-05-2005,107.72
24-05-2005,107.46
25-05-2005,107.73
26-05-2005,107.95
27-05-2005,107.88
31-05-2005,107.97
01-06-2005,108.42
02-06-2005,108.31
03-06-2005,107.84
06-06-2005,106.86
07-06-2005,106.64
08-06-2005,106.89
09-06-2005,107.52
10-06-2005,108.45
13-06-2005,109.58
14-06-2005,109.38
15-06-2005,109.34
16-06-2005,109.08
17-06-2005,108.83
20-06-2005,109.42
21-06-2005,108.52
22-06-2005,108.89
23-06-2005,108.79
24-06-2005,109.22
27-06-2005,109.39
28-06-2005,109.89
29-06-2005,110.27
30-06-2005,110.91
01-07-2005,111.68
05-07-2005,111.61
06-07-2005,112.07
07-07-2005,112.08
08-07-2005,112.17
11-07-2005,111.76
12-07-2005,110.94
13-07-2005,112.08
14-07-2005,112.14
15-07-2005,112.32
18-07-2005,111.62
19-07-2005,112.95
20-07-2005,113.42
21-07-2005,110.47
22-07-2005,110.98
25-07-2005,111.59
26-07-2005,112.3
27-07-2005,112.3
28-07-2005,112.34
29-07-2005,112.25
01-08-2005,112.12
02-08-2005,111.28
03-08-2005,111.05
04-08-2005,111.17
05-08-2005,112.09
08-08-2005,111.87
09-08-2005,112.07
10-08-2005,110.67
11-08-2005,109.92
12-08-2005,109.55
15-08-2005,109.4
16-08-2005,109.37
17-08-2005,109.63
18-08-2005,110.54
19-08-2005,110.68
22-08-2005,109.75
23-08-2005,109.83
24-08-2005,110.35
25-08-2005,109.9
26-08-2005,109.85
29-08-2005,110.53
30-08-2005,111.49
31-08-2005,110.84
01-09-2005,110.16
02-09-2005,109.66
06-09-2005,109.67
07-09-2005,110.06
08-09-2005,110.49
09-09-2005,109.69
12-09-2005,109.91
13-09-2005,110.85
14-09-2005,110.27
15-09-2005,110.48
16-09-2005,111.38
19-09-2005,111.3
20-09-2005,111.54
21-09-2005,111.33
22-09-2005,111.63
23-09-2005,112.17
26-09-2005,112.41
27-09-2005,113.32
28-09-2005,113.27
29-09-2005,113.14
30-09-2005,113.29
03-10-2005,114.17
04-10-2005,114.33
05-10-2005,113.72
06-10-2005,113.54
07-10-2005,113.82
11-10-2005,114.21
12-10-2005,114.36
13-10-2005,114.97
14-10-2005,114.03
17-10-2005,114.86
18-10-2005,115.71
19-10-2005,115.47
20-10-2005,115.48
21-10-2005,115.93
24-10-2005,115.18
25-10-2005,114.78
26-10-2005,115.81
27-10-2005,115.14
28-10-2005,115.52
31-10-2005,116.36
01-11-2005,116.63
02-11-2005,116.76
03-11-2005,117.21
04-11-2005,118.2
07-11-2005,117.57
08-11-2005,117.1
09-11-2005,117.51
10-11-2005,118.05
14-11-2005,118.88
15-11-2005,118.93
16-11-2005,119.17
17-11-2005,118.81
18-11-2005,119.21
21-11-2005,119.03
22-11-2005,119.22
23-11-2005,118.76
25-11-2005,119.65
28-11-2005,119.25
29-11-2005,119.48
30-11-2005,119.66
01-12-2005,120.62
02-12-2005,120.77
05-12-2005,120.83
06-12-2005,120.82
07-12-2005,120.93
08-12-2005,120.27
09-12-2005,120.54
12-12-2005,119.9
13-12-2005,120.11
14-12-2005,116.81
15-12-2005,116.55
16-12-2005,115.78
19-12-2005,116.01
20-12-2005,117.01
21-12-2005,117.4
22-12-2005,116.55
23-12-2005,116.38
27-12-2005,117.07
28-12-2005,117.62
29-12-2005,117.86
30-12-2005,117.88
03-01-2006,116.34
04-01-2006,116.31
05-01-2006,115.96
06-01-2006,114.45
09-01-2006,114.66
10-01-2006,114.64
11-01-2006,113.96
12-01-2006,114.31
13-01-2006,114.43
17-01-2006,115.83
18-01-2006,115.35
19-01-2006,115.07
20-01-2006,115.42
23-01-2006,114.67
24-01-2006,114.54
25-01-2006,115.73
26-01-2006,116.27
27-01-2006,117.16
30-01-2006,117.55
31-01-2006,116.88
01-02-2006,117.85
02-02-2006,118.26
03-02-2006,118.95
06-02-2006,118.94
07-02-2006,118.01
08-02-2006,118.69
09-02-2006,118.66
10-02-2006,117.64
13-02-2006,117.63
14-02-2006,117.43
15-02-2006,117.93
16-02-2006,117.91
17-02-2006,118.43
21-02-2006,118.85
22-02-2006,118.51
23-02-2006,117
24-02-2006,116.87
27-02-2006,115.97
28-02-2006,115.82
01-03-2006,116.18
02-03-2006,116.07
03-03-2006,116.46
06-03-2006,117.46
07-03-2006,117.76
08-03-2006,117.9
09-03-2006,117.96
10-03-2006,119.07
13-03-2006,119.01
14-03-2006,117.36
15-03-2006,117.3
16-03-2006,117.13
17-03-2006,115.89
20-03-2006,116.25
21-03-2006,117.23
22-03-2006,116.72
23-03-2006,117.6
24-03-2006,117.5
27-03-2006,116.62
28-03-2006,117.23
29-03-2006,117.8
30-03-2006,117.41
31-03-2006,117.48
03-04-2006,117.82
04-04-2006,117.44
05-04-2006,117.59
06-04-2006,117.72
07-04-2006,118.31
10-04-2006,118.66
11-04-2006,118.61
12-04-2006,118.47
13-04-2006,118.42
14-04-2006,118.65
17-04-2006,117.68
18-04-2006,117.75
19-04-2006,117.58
20-04-2006,117.49
21-04-2006,116.91
24-04-2006,114.93
25-04-2006,114.83
26-04-2006,114.72
27-04-2006,114.02
28-04-2006,113.79
01-05-2006,113.06
02-05-2006,113.26
03-05-2006,113.44
04-05-2006,113.46
05-05-2006,112.45
08-05-2006,111.55
09-05-2006,111.31
10-05-2006,110.55
11-05-2006,110.26
12-05-2006,110.49
15-05-2006,110.21
16-05-2006,110.07
17-05-2006,110.6
18-05-2006,110.89
19-05-2006,111.76
22-05-2006,111.62
23-05-2006,111.35
24-05-2006,112.8
25-05-2006,111.92
26-05-2006,112.58
30-05-2006,112.18
31-05-2006,112.26
01-06-2006,112.43
02-06-2006,111.66
05-06-2006,111.7
06-06-2006,113.26
07-06-2006,113.35
08-06-2006,114.22
09-06-2006,113.89
12-06-2006,114.17
13-06-2006,115.06
14-06-2006,114.85
15-06-2006,115.06
16-06-2006,115.12
19-06-2006,115.26
20-06-2006,115.02
21-06-2006,114.76
22-06-2006,115.94
23-06-2006,116.26
26-06-2006,116.38
27-06-2006,116.26
28-06-2006,116.42
29-06-2006,116.17
30-06-2006,114.51
03-07-2006,114.92
05-07-2006,115.65
06-07-2006,115.18
07-07-2006,113.98
10-07-2006,113.97
11-07-2006,114.15
12-07-2006,115.41
13-07-2006,115.45
14-07-2006,116.33
17-07-2006,117.08
18-07-2006,117.44
19-07-2006,117.08
20-07-2006,116.83
21-07-2006,116.34
24-07-2006,116.65
25-07-2006,117.3
26-07-2006,116.85
27-07-2006,115.55
28-07-2006,114.74
31-07-2006,114.44
01-08-2006,114.96
02-08-2006,114.54
03-08-2006,115.27
04-08-2006,114.21
07-08-2006,114.85
08-08-2006,115.01
09-08-2006,115.14
10-08-2006,115.59
11-08-2006,116.18
14-08-2006,116.53
15-08-2006,115.96
16-08-2006,115.71
17-08-2006,115.44
18-08-2006,115.79
21-08-2006,115.86
22-08-2006,116.61
23-08-2006,116.43
24-08-2006,116.38
25-08-2006,117.31
28-08-2006,117.15
29-08-2006,116.92
30-08-2006,117.07
31-08-2006,117.35
01-09-2006,117.21
05-09-2006,116.04
06-09-2006,116.73
07-09-2006,116.3
08-09-2006,116.89
11-09-2006,117.57
12-09-2006,117.82
13-09-2006,117.47
14-09-2006,117.47
15-09-2006,117.72
18-09-2006,118.02
19-09-2006,117.6
20-09-2006,117.29
21-09-2006,116.76
22-09-2006,116.45
25-09-2006,116.43
26-09-2006,117.16
27-09-2006,117.53
28-09-2006,117.84
29-09-2006,117.99
02-10-2006,117.66
03-10-2006,117.84
04-10-2006,118.02
05-10-2006,117.69
06-10-2006,118.89
10-10-2006,119.68
11-10-2006,119.49
12-10-2006,119.53
13-10-2006,119.81
16-10-2006,119.25
17-10-2006,118.63
18-10-2006,119.09
19-10-2006,118.35
20-10-2006,118.73
23-10-2006,119.32
24-10-2006,119.25
25-10-2006,119.13
26-10-2006,118.62
27-10-2006,117.61
30-10-2006,117.38
31-10-2006,116.82
01-11-2006,117.01
02-11-2006,117.12
03-11-2006,118.06
06-11-2006,118.4
07-11-2006,117.44
08-11-2006,117.74
09-11-2006,117.92
10-11-2006,117.47
13-11-2006,118.14
14-11-2006,117.72
15-11-2006,118.06
16-11-2006,118.12
17-11-2006,117.73
20-11-2006,118.16
21-11-2006,118
22-11-2006,116.61
24-11-2006,115.93
27-11-2006,116.12
28-11-2006,116.14
29-11-2006,116.29
30-11-2006,115.55
01-12-2006,115.33
04-12-2006,115.37
05-12-2006,114.98
06-12-2006,115.07
07-12-2006,115.13
08-12-2006,116.23
11-12-2006,117.02
12-12-2006,117.15
13-12-2006,117.43
14-12-2006,117.61
15-12-2006,117.84
18-12-2006,118.14
19-12-2006,117.93
20-12-2006,118.39
21-12-2006,118.26
22-12-2006,118.9
26-12-2006,118.93
27-12-2006,118.76
28-12-2006,118.95
29-12-2006,119.02
02-01-2007,118.83
03-01-2007,119.58
04-01-2007,119.28
05-01-2007,118.77
08-01-2007,118.49
09-01-2007,119.45
10-01-2007,119.52
11-01-2007,120.49
12-01-2007,120.36
16-01-2007,120.64
17-01-2007,120.54
18-01-2007,121.32
19-01-2007,121.22
22-01-2007,121.56
23-01-2007,121.54
24-01-2007,120.77
25-01-2007,120.97
26-01-2007,121.53
29-01-2007,121.81
30-01-2007,121.7
31-01-2007,121.02
01-02-2007,120.67
02-02-2007,121.02
05-02-2007,120.34
06-02-2007,120.35
07-02-2007,120.65
08-02-2007,121.19
09-02-2007,121.59
12-02-2007,121.77
13-02-2007,121.24
14-02-2007,120.8
15-02-2007,119.49
16-02-2007,119.23
20-02-2007,120.1
21-02-2007,120.99
22-02-2007,121.3
23-02-2007,121.1
26-02-2007,120.76
27-02-2007,118.67
28-02-2007,118.33
01-03-2007,117.53
02-03-2007,116.82
05-03-2007,116.01
06-03-2007,116.5
07-03-2007,116.41
08-03-2007,117.35
09-03-2007,118.15
12-03-2007,117.51
13-03-2007,116.96
14-03-2007,116.33
15-03-2007,117.26
16-03-2007,116.77
19-03-2007,117.58
20-03-2007,117.32
21-03-2007,117.83
22-03-2007,117.79
23-03-2007,117.82
26-03-2007,117.84
27-03-2007,117.8
28-03-2007,116.83
29-03-2007,117.75
30-03-2007,117.56
02-04-2007,117.69
03-04-2007,118.83
04-04-2007,118.72
05-04-2007,118.66
06-04-2007,119.33
09-04-2007,119.28
10-04-2007,119.07
11-04-2007,119.36
12-04-2007,118.99
13-04-2007,119.27
16-04-2007,119.84
17-04-2007,118.96
18-04-2007,118.27
19-04-2007,118.36
20-04-2007,118.81
23-04-2007,118.47
24-04-2007,118.52
25-04-2007,118.62
26-04-2007,119.5
27-04-2007,119.59
30-04-2007,119.44
01-05-2007,119.77
02-05-2007,120.05
03-05-2007,120.33
04-05-2007,120.16
07-05-2007,119.96
08-05-2007,119.89
09-05-2007,119.8
10-05-2007,120.37
11-05-2007,120.19
14-05-2007,120.37
15-05-2007,120.22
16-05-2007,120.74
17-05-2007,121.3
18-05-2007,121.09
21-05-2007,121.57
22-05-2007,121.47
23-05-2007,121.52
24-05-2007,121.46
25-05-2007,121.72
29-05-2007,121.79
30-05-2007,121.48
31-05-2007,121.76
01-06-2007,122.1
04-06-2007,121.72
05-06-2007,121.49
06-06-2007,121.08
07-06-2007,121.34
08-06-2007,121.62
11-06-2007,121.78
12-06-2007,121.76
13-06-2007,122.37
14-06-2007,122.97
15-06-2007,123.55
18-06-2007,123.67
19-06-2007,123.39
20-06-2007,123.6
21-06-2007,123.68
22-06-2007,124.09
25-06-2007,123.84
26-06-2007,123.49
27-06-2007,122.52
28-06-2007,123.01
29-06-2007,123.39
02-07-2007,122.32
03-07-2007,122.4
05-07-2007,122.82
06-07-2007,123.27
09-07-2007,123.34
10-07-2007,122.19
11-07-2007,122.13
12-07-2007,122.5
13-07-2007,121.99
16-07-2007,121.9
17-07-2007,122.36
18-07-2007,121.83
19-07-2007,122.06
20-07-2007,121.15
23-07-2007,121.31
24-07-2007,120.57
25-07-2007,120.33
26-07-2007,119.14
27-07-2007,118.56
30-07-2007,118.41
31-07-2007,119.13
01-08-2007,118.71
02-08-2007,119.35
03-08-2007,118.43
06-08-2007,118.04
07-08-2007,118.48
08-08-2007,119.76
09-08-2007,118.69
10-08-2007,118
13-08-2007,118.47
14-08-2007,118.21
15-08-2007,117.19
16-08-2007,114.03
17-08-2007,113.81
20-08-2007,114.49
21-08-2007,114.42
22-08-2007,114.95
23-08-2007,115.81
24-08-2007,116.12
27-08-2007,116.05
28-08-2007,114.7
29-08-2007,115.52
30-08-2007,115.81
31-08-2007,115.83
03-09-2007,115.83
04-09-2007,116.21
05-09-2007,115.15
06-09-2007,115.33
07-09-2007,113.57
10-09-2007,113.43
11-09-2007,113.97
12-09-2007,114.24
13-09-2007,115.37
14-09-2007,115.31
17-09-2007,114.93
18-09-2007,115.75
19-09-2007,116.21
20-09-2007,114.18
21-09-2007,115.6
24-09-2007,114.92
25-09-2007,114.48
26-09-2007,115.66
27-09-2007,115.76
28-09-2007,114.97
01-10-2007,115.91
02-10-2007,115.83
03-10-2007,116.74
04-10-2007,116.59
05-10-2007,116.83
08-10-2007,116.83
09-10-2007,116.98
10-10-2007,117.17
11-10-2007,117.71
12-10-2007,117.5
15-10-2007,117.37
16-10-2007,116.61
17-10-2007,116.62
18-10-2007,115.64
19-10-2007,115.15
22-10-2007,114.07
23-10-2007,114.65
24-10-2007,113.94
25-10-2007,114.09
26-10-2007,114.01
29-10-2007,114.69
30-10-2007,114.72
31-10-2007,115.27
01-11-2007,114.87
02-11-2007,114.74
05-11-2007,114.54
06-11-2007,114.51
07-11-2007,113.29
08-11-2007,112.66
09-11-2007,110.9
13-11-2007,110.31
14-11-2007,111.38
15-11-2007,110.78
16-11-2007,111.05
19-11-2007,110.05
20-11-2007,110.05
21-11-2007,108.54
22-11-2007,108.54
23-11-2007,108.17
26-11-2007,108.17
27-11-2007,108.64
28-11-2007,110.38
29-11-2007,109.94
30-11-2007,111.02
03-12-2007,110.44
04-12-2007,109.68
05-12-2007,110.85
06-12-2007,111.05
07-12-2007,111.72
10-12-2007,111.6
11-12-2007,111.77
12-12-2007,112.36
13-12-2007,112.26
14-12-2007,113.35
17-12-2007,113.2
18-12-2007,113.17
19-12-2007,113.44
20-12-2007,112.97
21-12-2007,113.95
24-12-2007,114.45
26-12-2007,114.08
27-12-2007,114
28-12-2007,112.93
31-12-2007,111.71
02-01-2008,109.7
03-01-2008,109.58
04-01-2008,108.38
07-01-2008,109.1
08-01-2008,109.29
09-01-2008,109.4
10-01-2008,109.38
11-01-2008,109.11
14-01-2008,108.18
15-01-2008,107.07
16-01-2008,107.27
17-01-2008,107.01
18-01-2008,106.82
22-01-2008,106.76
23-01-2008,105.42
24-01-2008,106.68
25-01-2008,107.31
28-01-2008,106.65
29-01-2008,107.08
30-01-2008,107.25
31-01-2008,106.74
01-02-2008,106.3
04-02-2008,106.73
05-02-2008,106.94
06-02-2008,106.75
07-02-2008,106.82
08-02-2008,107.34
11-02-2008,106.64
12-02-2008,107.42
13-02-2008,108.15
14-02-2008,107.97
15-02-2008,107.67
19-02-2008,107.5
20-02-2008,107.97
21-02-2008,107.6
22-02-2008,106.98
25-02-2008,107.88
26-02-2008,107.73
27-02-2008,106.38
28-02-2008,105.64
29-02-2008,104.19
03-03-2008,103.57
04-03-2008,102.67
05-03-2008,103.99
06-03-2008,103.1
07-03-2008,102.69
10-03-2008,101.8
11-03-2008,102.87
12-03-2008,102.38
13-03-2008,100.58
14-03-2008,100.2
17-03-2008,96.88
18-03-2008,98.23
19-03-2008,99.34
20-03-2008,98.79
21-03-2008,99.4
24-03-2008,100.77
25-03-2008,100.07
26-03-2008,99.12
27-03-2008,99.87
28-03-2008,99.71
31-03-2008,99.85
01-04-2008,101.77
02-04-2008,102.77
03-04-2008,102.21
04-04-2008,101.75
07-04-2008,102.62
08-04-2008,102.55
09-04-2008,101.83
10-04-2008,101.71
11-04-2008,101.09
14-04-2008,100.87
15-04-2008,101.33
16-04-2008,101.4
17-04-2008,102.22
18-04-2008,104.56
21-04-2008,103.38
22-04-2008,102.7
23-04-2008,103.55
24-04-2008,104.2
25-04-2008,104.17
28-04-2008,104.3
29-04-2008,103.4
30-04-2008,104.53
01-05-2008,104.04
02-05-2008,105.33
05-05-2008,105.12
06-05-2008,104.54
07-05-2008,105.28
08-05-2008,103.87
09-05-2008,103.01
12-05-2008,103.83
13-05-2008,104.41
14-05-2008,105.2
15-05-2008,104.61
16-05-2008,103.86
19-05-2008,104.55
20-05-2008,103.66
21-05-2008,103.34
22-05-2008,104.03
23-05-2008,103.22
27-05-2008,103.98
28-05-2008,104.69
29-05-2008,105.52
30-05-2008,105.46
02-06-2008,104.41
03-06-2008,105.29
04-06-2008,104.99
05-06-2008,106
06-06-2008,105.33
09-06-2008,106.06
10-06-2008,107.19
11-06-2008,106.77
12-06-2008,107.94
13-06-2008,107.92
16-06-2008,108.19
17-06-2008,108.03
18-06-2008,108.05
19-06-2008,107.95
20-06-2008,107.42
23-06-2008,107.89
24-06-2008,107.76
25-06-2008,108.29
26-06-2008,107.29
27-06-2008,106.28
30-06-2008,106.17
01-07-2008,105.73
02-07-2008,105.87
03-07-2008,106.79
07-07-2008,107.55
08-07-2008,107.35
09-07-2008,107.12
10-07-2008,107.03
11-07-2008,106.14
14-07-2008,106.18
15-07-2008,104.78
16-07-2008,104.64
17-07-2008,105.82
18-07-2008,106.75
21-07-2008,106.74
22-07-2008,107.11
23-07-2008,107.68
24-07-2008,107.62
25-07-2008,107.89
28-07-2008,107.49
29-07-2008,108.19
30-07-2008,108.17
31-07-2008,108.1
01-08-2008,107.59
04-08-2008,108.23
05-08-2008,108.2
06-08-2008,109.39
07-08-2008,109.44
08-08-2008,110.09
11-08-2008,110.08
12-08-2008,109.78
13-08-2008,108.71
14-08-2008,109.75
15-08-2008,110.48
18-08-2008,110.07
19-08-2008,109.68
20-08-2008,109.98
21-08-2008,108.35
22-08-2008,109.88
25-08-2008,109.11
26-08-2008,109.83
27-08-2008,109.72
28-08-2008,109.56
29-08-2008,108.69
02-09-2008,108.85
03-09-2008,108.18
04-09-2008,107.76
05-09-2008,106.96
08-09-2008,107.91
09-09-2008,107.1
10-09-2008,107.86
11-09-2008,106.66
12-09-2008,107.51
15-09-2008,105.67
16-09-2008,105.11
17-09-2008,104.71
18-09-2008,104.85
19-09-2008,107.18
22-09-2008,106.35
23-09-2008,105.8
24-09-2008,106.03
25-09-2008,106.48
26-09-2008,106.06
29-09-2008,105.1
30-09-2008,105.94
01-10-2008,106.06
02-10-2008,105.3
03-10-2008,105.76
06-10-2008,101.26
07-10-2008,102.3
08-10-2008,99.73
09-10-2008,100.67
10-10-2008,99.44
14-10-2008,102.17
15-10-2008,101.47
16-10-2008,100.46
17-10-2008,101.4
20-10-2008,101.74
21-10-2008,100.43
22-10-2008,98.63
23-10-2008,97.6
24-10-2008,92.64
27-10-2008,93.28
28-10-2008,95.68
29-10-2008,97.48
30-10-2008,97.47
31-10-2008,98.28
03-11-2008,98.95
04-11-2008,100.48
05-11-2008,98.95
06-11-2008,98.04
07-11-2008,98.15
10-11-2008,97.96
12-11-2008,95.54
13-11-2008,95.95
14-11-2008,96.66
17-11-2008,97.03
18-11-2008,97.38
19-11-2008,96.75
20-11-2008,94.98
21-11-2008,95.42
24-11-2008,96.69
25-11-2008,95.53
26-11-2008,95.46
28-11-2008,95.46
01-12-2008,93.71
02-12-2008,93.64
03-12-2008,93.25
04-12-2008,92.78
05-12-2008,92.18
08-12-2008,92.77
09-12-2008,92.44
10-12-2008,92.94
11-12-2008,91.96
12-12-2008,91.26
15-12-2008,90.68
16-12-2008,89.98
17-12-2008,87.84
18-12-2008,89.81
19-12-2008,89.48
22-12-2008,90.07
23-12-2008,90.57
24-12-2008,90.68
26-12-2008,90.65
29-12-2008,90.2
30-12-2008,90.37
31-12-2008,90.79
02-01-2009,91.12
05-01-2009,93.2
06-01-2009,94.2
07-01-2009,92.7
08-01-2009,91.15
09-01-2009,90.25
12-01-2009,88.92
13-01-2009,89.65
14-01-2009,89.28
15-01-2009,89.59
16-01-2009,90.29
20-01-2009,90.19
21-01-2009,87.8
22-01-2009,88.64
23-01-2009,88.72
26-01-2009,89.25
27-01-2009,88.99
28-01-2009,88.87
29-01-2009,89.77
30-01-2009,89.83
02-02-2009,89.86
03-02-2009,89.09
04-02-2009,89.53
05-02-2009,91.01
06-02-2009,91.95
09-02-2009,91.47
10-02-2009,90.65
11-02-2009,90.66
12-02-2009,90.55
13-02-2009,91.84
17-02-2009,92.17
18-02-2009,93.81
19-02-2009,94.09
20-02-2009,93.87
23-02-2009,94.63
24-02-2009,96.6
25-02-2009,97.33
26-02-2009,98.55
27-02-2009,97.74
02-03-2009,97.17
03-03-2009,98.16
04-03-2009,99.34
05-03-2009,98.32
06-03-2009,97.88
09-03-2009,98.87
10-03-2009,98.39
11-03-2009,97.74
12-03-2009,97.86
13-03-2009,98.04
16-03-2009,98.17
17-03-2009,98.85
18-03-2009,98.08
19-03-2009,93.85
20-03-2009,96.18
23-03-2009,97.3
24-03-2009,97.86
25-03-2009,97.7
26-03-2009,98.47
27-03-2009,97.99
30-03-2009,97.44
31-03-2009,99.15
01-04-2009,98.93
02-04-2009,99.48
03-04-2009,99.94
06-04-2009,100.65
07-04-2009,100.71
08-04-2009,99.95
09-04-2009,100.43
10-04-2009,100.3
13-04-2009,100.12
14-04-2009,99.08
15-04-2009,99.37
16-04-2009,99.29
17-04-2009,99.21
20-04-2009,98.29
21-04-2009,98.6
22-04-2009,98.14
23-04-2009,97.88
24-04-2009,97.08
27-04-2009,96.57
28-04-2009,96.49
29-04-2009,96.97
30-04-2009,98.76
01-05-2009,99.24
04-05-2009,99.12
05-05-2009,98.76
06-05-2009,98.6
07-05-2009,99
08-05-2009,99.01
11-05-2009,97.45
12-05-2009,96.59
13-05-2009,95.75
14-05-2009,95.62
15-05-2009,94.89
18-05-2009,96.05
19-05-2009,96.1
20-05-2009,95.16
21-05-2009,94.97
22-05-2009,94.45
26-05-2009,94.81
27-05-2009,95.01
28-05-2009,96.76
29-05-2009,95.55
01-06-2009,96.53
02-06-2009,95.72
03-06-2009,95.72
04-06-2009,96.37
05-06-2009,98.18
08-06-2009,98.56
09-06-2009,97.6
10-06-2009,98.13
11-06-2009,97.83
12-06-2009,98.17
15-06-2009,98.03
16-06-2009,96.26
17-06-2009,95.65
18-06-2009,96.36
19-06-2009,96.15
22-06-2009,95.9
23-06-2009,95.32
24-06-2009,95.38
25-06-2009,96.21
26-06-2009,95.19
29-06-2009,95.84
30-06-2009,96.42
01-07-2009,96.41
02-07-2009,95.9
03-07-2009,95.95
06-07-2009,95
07-07-2009,95.11
08-07-2009,92.9
09-07-2009,92.79
10-07-2009,92.33
13-07-2009,92.74
14-07-2009,93.03
15-07-2009,94.09
16-07-2009,93.59
17-07-2009,94.08
20-07-2009,94.52
21-07-2009,93.36
22-07-2009,93.77
23-07-2009,94.75
24-07-2009,94.86
27-07-2009,95.32
28-07-2009,94.6
29-07-2009,95.13
30-07-2009,95.67
31-07-2009,94.54
03-08-2009,95.23
04-08-2009,95.41
05-08-2009,94.98
06-08-2009,95.56
07-08-2009,97.65
10-08-2009,97.23
11-08-2009,95.94
12-08-2009,96.16
13-08-2009,95.46
14-08-2009,94.64
17-08-2009,94.33
18-08-2009,94.72
19-08-2009,93.87
20-08-2009,94.12
21-08-2009,94.6
24-08-2009,94.47
25-08-2009,94.28
26-08-2009,94.25
27-08-2009,93.57
28-08-2009,93.55
31-08-2009,92.82
01-09-2009,93.09
02-09-2009,92.43
03-09-2009,92.54
04-09-2009,92.75
08-09-2009,92.21
09-09-2009,91.85
10-09-2009,91.86
11-09-2009,90.3
14-09-2009,90.85
15-09-2009,90.95
16-09-2009,91
17-09-2009,91.15
18-09-2009,91.31
21-09-2009,91.87
22-09-2009,91.08
23-09-2009,91.45
24-09-2009,91.16
25-09-2009,89.83
28-09-2009,89.34
29-09-2009,90.26
30-09-2009,89.49
01-10-2009,89.73
02-10-2009,89.62
05-10-2009,89.56
06-10-2009,88.77
07-10-2009,88.76
08-10-2009,88.44
09-10-2009,89.69
13-10-2009,89.71
14-10-2009,89.44
15-10-2009,90.39
16-10-2009,90.73
19-10-2009,90.72
20-10-2009,90.83
21-10-2009,91.04
22-10-2009,91.42
23-10-2009,91.88
26-10-2009,91.96
27-10-2009,92.04
28-10-2009,91.07
29-10-2009,91.41
30-10-2009,90.5
02-11-2009,90.56
03-11-2009,90.3
04-11-2009,90.96
05-11-2009,90.45
06-11-2009,89.86
09-11-2009,89.92
10-11-2009,89.82
12-11-2009,90.4
13-11-2009,89.55
16-11-2009,89.28
17-11-2009,89.41
18-11-2009,89.36
19-11-2009,88.95
20-11-2009,88.9
23-11-2009,89.14
24-11-2009,88.58
25-11-2009,87.65
27-11-2009,86.87
30-11-2009,86.12
01-12-2009,86.62
02-12-2009,87.13
03-12-2009,88.2
04-12-2009,89.87
07-12-2009,89.44
08-12-2009,88.41
09-12-2009,87.83
10-12-2009,88.2
11-12-2009,89.23
14-12-2009,88.65
15-12-2009,89.91
16-12-2009,89.52
17-12-2009,90.35
18-12-2009,90.47
21-12-2009,90.95
22-12-2009,91.67
23-12-2009,91.52
24-12-2009,91.69
28-12-2009,91.57
29-12-2009,91.95
30-12-2009,92.66
31-12-2009,93.08
04-01-2010,92.55
05-01-2010,91.48
06-01-2010,92.53
07-01-2010,93.31
08-01-2010,92.7
11-01-2010,91.9
12-01-2010,90.95
13-01-2010,91.38
14-01-2010,91.03
15-01-2010,90.79
19-01-2010,91.13
20-01-2010,91.23
21-01-2010,90.25
22-01-2010,90.07
25-01-2010,90.12
26-01-2010,89.63
27-01-2010,89.41
28-01-2010,90.08
29-01-2010,90.38
01-02-2010,90.8
02-02-2010,90.39
03-02-2010,91.11
04-02-2010,89.11
05-02-2010,89.25
08-02-2010,89.32
09-02-2010,89.45
10-02-2010,89.88
11-02-2010,89.82
12-02-2010,90
16-02-2010,90.46
17-02-2010,90.79
18-02-2010,91.43
19-02-2010,91.94
22-02-2010,91.11
23-02-2010,90.04
24-02-2010,90.06
25-02-2010,88.85
26-02-2010,88.84
01-03-2010,89.28
02-03-2010,88.95
03-03-2010,88.43
04-03-2010,89.02
05-03-2010,90.32
08-03-2010,90.3
09-03-2010,89.89
10-03-2010,90.62
11-03-2010,90.6
12-03-2010,90.46
15-03-2010,90.45
16-03-2010,90.43
17-03-2010,90.42
18-03-2010,90.46
19-03-2010,90.5
22-03-2010,90.02
23-03-2010,90.24
24-03-2010,91.89
25-03-2010,92.69
26-03-2010,92.56
29-03-2010,92.65
30-03-2010,92.89
31-03-2010,93.4
01-04-2010,93.83
02-04-2010,94.51
05-04-2010,94.28
06-04-2010,93.81
07-04-2010,93.59
08-04-2010,93.16
09-04-2010,93.28
12-04-2010,93.21
13-04-2010,92.78
14-04-2010,93.01
15-04-2010,93.04
16-04-2010,92.03
19-04-2010,92.18
20-04-2010,93.28
21-04-2010,93.24
22-04-2010,93.01
23-04-2010,94.18
26-04-2010,94.06
27-04-2010,93.01
28-04-2010,94.07
29-04-2010,94.16
30-04-2010,94.24
03-05-2010,94.68
04-05-2010,94.58
05-05-2010,94.3
06-05-2010,92.22
07-05-2010,91.67
10-05-2010,93.39
11-05-2010,92.83
12-05-2010,92.93
13-05-2010,92.7
14-05-2010,91.94
17-05-2010,92.08
18-05-2010,92.52
19-05-2010,91.16
20-05-2010,90.07
21-05-2010,90.21
24-05-2010,90.49
25-05-2010,89.89
26-05-2010,90.28
27-05-2010,90.71
28-05-2010,90.81
01-06-2010,91.16
02-06-2010,92.21
03-06-2010,92.33
04-06-2010,91.83
07-06-2010,92
08-06-2010,91.3
09-06-2010,91.54
10-06-2010,91.04
11-06-2010,91.72
14-06-2010,91.8
15-06-2010,91.25
16-06-2010,91.39
17-06-2010,90.92
18-06-2010,90.79
21-06-2010,91.18
22-06-2010,90.59
23-06-2010,89.82
24-06-2010,89.4
25-06-2010,89.35
28-06-2010,89.23
29-06-2010,88.39
30-06-2010,88.49
01-07-2010,87.42
02-07-2010,87.69
06-07-2010,87.55
07-07-2010,87.16
08-07-2010,88.44
09-07-2010,88.48
12-07-2010,88.53
13-07-2010,88.24
14-07-2010,88.59
15-07-2010,87.41
16-07-2010,86.4
19-07-2010,86.77
20-07-2010,87.22
21-07-2010,87.3
22-07-2010,87
23-07-2010,87.31
26-07-2010,87.2
27-07-2010,87.88
28-07-2010,87.62
29-07-2010,86.87
30-07-2010,86.43
02-08-2010,86.42
03-08-2010,85.88
04-08-2010,86.26
05-08-2010,85.83
06-08-2010,85.25
09-08-2010,85.88
10-08-2010,85.88
11-08-2010,85.36
12-08-2010,85.83
13-08-2010,86.2
16-08-2010,85.33
17-08-2010,85.51
18-08-2010,85.31
19-08-2010,85.27
20-08-2010,85.63
23-08-2010,85.16
24-08-2010,84.16
25-08-2010,84.56
26-08-2010,84.61
27-08-2010,85.1
30-08-2010,84.67
31-08-2010,84.1
01-09-2010,84.48
02-09-2010,84.15
03-09-2010,84.45
07-09-2010,83.75
08-09-2010,83.85
09-09-2010,83.83
10-09-2010,84.13
13-09-2010,83.53
14-09-2010,83.05
15-09-2010,85.63
16-09-2010,85.72
17-09-2010,85.77
20-09-2010,85.74
21-09-2010,85.36
22-09-2010,84.37
23-09-2010,84.32
24-09-2010,84.24
27-09-2010,84.17
28-09-2010,83.82
29-09-2010,83.61
30-09-2010,83.53
01-10-2010,83.3
04-10-2010,83.33
05-10-2010,83.17
06-10-2010,82.8
07-10-2010,82.35
08-10-2010,81.86
12-10-2010,81.74
13-10-2010,81.81
14-10-2010,81.44
15-10-2010,81.32
18-10-2010,81.16
19-10-2010,81.6
20-10-2010,81.14
21-10-2010,81.16
22-10-2010,81.48
25-10-2010,80.61
26-10-2010,81.28
27-10-2010,81.55
28-10-2010,80.99
29-10-2010,80.48
01-11-2010,80.66
02-11-2010,80.8
03-11-2010,81.41
04-11-2010,80.61
05-11-2010,81.35
08-11-2010,81.14
09-11-2010,81.15
10-11-2010,82.53
12-11-2010,82.44
15-11-2010,82.9
16-11-2010,83.41
17-11-2010,83.15
18-11-2010,83.64
19-11-2010,83.49
22-11-2010,83.46
23-11-2010,82.86
24-11-2010,83.38
26-11-2010,84.08
29-11-2010,84.34
30-11-2010,83.56
01-12-2010,84
02-12-2010,83.53
03-12-2010,82.73
06-12-2010,82.7
07-12-2010,83.04
08-12-2010,84.16
09-12-2010,83.85
10-12-2010,83.87
13-12-2010,83.57
14-12-2010,83.52
15-12-2010,84.04
16-12-2010,84.23
17-12-2010,84.15
20-12-2010,83.72
21-12-2010,83.76
22-12-2010,83.56
23-12-2010,82.97
27-12-2010,82.91
28-12-2010,82.21
29-12-2010,81.9
30-12-2010,81.67
03-01-2011,81.56
04-01-2011,81.96
05-01-2011,83.22
06-01-2011,83.15
07-01-2011,83.04
10-01-2011,82.78
11-01-2011,83.36
12-01-2011,83.29
13-01-2011,82.72
14-01-2011,82.99
18-01-2011,82.66
19-01-2011,82.03
20-01-2011,83.02
21-01-2011,82.63
24-01-2011,82.44
25-01-2011,82.35
26-01-2011,82.27
27-01-2011,83.03
28-01-2011,82.03
31-01-2011,81.97
01-02-2011,81.48
02-02-2011,81.82
03-02-2011,81.48
04-02-2011,81.99
07-02-2011,82.4
08-02-2011,81.92
09-02-2011,82.47
10-02-2011,83.11
11-02-2011,83.52
14-02-2011,83.32
15-02-2011,83.79
16-02-2011,83.73
17-02-2011,83.25
18-02-2011,83.22
22-02-2011,82.94
23-02-2011,82.39
24-02-2011,81.67
25-02-2011,81.76
28-02-2011,81.94
01-03-2011,81.86
02-03-2011,81.62
03-03-2011,82.41
04-03-2011,82.35
07-03-2011,82.12
08-03-2011,82.69
09-03-2011,82.78
10-03-2011,82.98
11-03-2011,81.77
14-03-2011,81.65
15-03-2011,80.82
16-03-2011,80.17
17-03-2011,78.74
18-03-2011,81.14
21-03-2011,81.11
22-03-2011,81
23-03-2011,80.94
24-03-2011,80.82
25-03-2011,81.12
28-03-2011,81.67
29-03-2011,82.38
30-03-2011,82.98
31-03-2011,82.76
01-04-2011,84.05
04-04-2011,83.98
05-04-2011,84.65
06-04-2011,85.26
07-04-2011,84.98
08-04-2011,84.99
11-04-2011,84.58
12-04-2011,83.79
13-04-2011,83.59
14-04-2011,83.23
15-04-2011,83.13
18-04-2011,82.43
19-04-2011,82.41
20-04-2011,82.58
21-04-2011,81.81
22-04-2011,81.92
25-04-2011,81.93
26-04-2011,81.93
27-04-2011,82.6
28-04-2011,81.57
29-04-2011,81.31
02-05-2011,81.23
03-05-2011,81.02
04-05-2011,80.69
05-05-2011,80.12
06-05-2011,80.51
09-05-2011,80.66
10-05-2011,80.75
11-05-2011,80.78
12-05-2011,80.75
13-05-2011,80.76
16-05-2011,80.82
17-05-2011,81.39
18-05-2011,81.37
19-05-2011,81.78
20-05-2011,81.64
23-05-2011,81.81
24-05-2011,82.12
25-05-2011,81.96
26-05-2011,81.44
27-05-2011,80.75
31-05-2011,81.29
01-06-2011,80.82
02-06-2011,80.98
03-06-2011,80.38
06-06-2011,80.19
07-06-2011,80.21
08-06-2011,79.87
09-06-2011,80.07
10-06-2011,80.26
13-06-2011,80.16
14-06-2011,80.5
15-06-2011,80.71
16-06-2011,80.7
17-06-2011,80.1
20-06-2011,80.26
21-06-2011,80.15
22-06-2011,80.06
23-06-2011,80.45
24-06-2011,80.32
27-06-2011,80.89
28-06-2011,80.85
29-06-2011,80.8
30-06-2011,80.64
01-07-2011,80.81
05-07-2011,81.14
06-07-2011,80.9
07-07-2011,81.26
08-07-2011,80.64
11-07-2011,80.37
12-07-2011,79.53
13-07-2011,78.99
14-07-2011,79.11
15-07-2011,79.03
18-07-2011,79.1
19-07-2011,78.91
20-07-2011,78.76
21-07-2011,78.47
22-07-2011,78.44
25-07-2011,78.31
26-07-2011,78.04
27-07-2011,77.99
28-07-2011,77.87
29-07-2011,77.18
01-08-2011,76.87
02-08-2011,77.13
03-08-2011,76.87
04-08-2011,79.01
05-08-2011,78.48
08-08-2011,77.53
09-08-2011,77.16
10-08-2011,76.41
11-08-2011,76.68
12-08-2011,76.79
15-08-2011,76.73
16-08-2011,76.76
17-08-2011,76.46
18-08-2011,76.52
19-08-2011,76.46
22-08-2011,76.77
23-08-2011,76.59
24-08-2011,76.78
25-08-2011,77.38
26-08-2011,76.62
29-08-2011,76.96
30-08-2011,76.75
31-08-2011,76.5
01-09-2011,76.81
02-09-2011,76.79
06-09-2011,77.48
07-09-2011,77.39
08-09-2011,77.43
09-09-2011,77.31
12-09-2011,77.15
13-09-2011,76.88
14-09-2011,76.71
15-09-2011,76.7
16-09-2011,76.89
19-09-2011,76.48
20-09-2011,76.52
21-09-2011,76.38
22-09-2011,76.31
23-09-2011,76.3
26-09-2011,76.35
27-09-2011,76.6
28-09-2011,76.51
29-09-2011,76.68
30-09-2011,77.04
03-10-2011,76.66
04-10-2011,76.86
05-10-2011,76.86
06-10-2011,76.64
07-10-2011,76.77
11-10-2011,76.66
12-10-2011,77.3
13-10-2011,76.88
14-10-2011,77.36
17-10-2011,76.8
18-10-2011,76.75
19-10-2011,76.79
20-10-2011,76.91
21-10-2011,76.1
24-10-2011,76.1
25-10-2011,75.88
26-10-2011,76.05
27-10-2011,75.8
28-10-2011,75.72
31-10-2011,77.97
01-11-2011,78.28
02-11-2011,78.04
03-11-2011,77.96
04-11-2011,78.17
07-11-2011,78.06
08-11-2011,77.79
09-11-2011,77.77
10-11-2011,77.58
14-11-2011,77.02
15-11-2011,76.99
16-11-2011,77.02
17-11-2011,76.98
18-11-2011,76.93
21-11-2011,76.97
22-11-2011,77.07
23-11-2011,77.41
25-11-2011,77.66
28-11-2011,78.05
29-11-2011,77.86
30-11-2011,77.58
01-12-2011,77.6
02-12-2011,77.88
05-12-2011,77.77
06-12-2011,77.73
07-12-2011,77.69
08-12-2011,77.67
09-12-2011,77.58
12-12-2011,77.87
13-12-2011,77.86
14-12-2011,78.08
15-12-2011,77.87
16-12-2011,77.65
19-12-2011,77.96
20-12-2011,77.76
21-12-2011,78
22-12-2011,78.13
23-12-2011,78.13
27-12-2011,77.83
28-12-2011,77.98
29-12-2011,77.71
30-12-2011,76.98
03-01-2012,76.67
04-01-2012,76.68
05-01-2012,77.18
06-01-2012,77.06
09-01-2012,76.88
10-01-2012,76.84
11-01-2012,76.9
12-01-2012,76.76
13-01-2012,76.9
17-01-2012,76.8
18-01-2012,76.81
19-01-2012,77.23
20-01-2012,76.97
23-01-2012,76.92
24-01-2012,77.78
25-01-2012,78.13
26-01-2012,77.47
27-01-2012,76.68
30-01-2012,76.28
31-01-2012,76.34
01-02-2012,76.11
02-02-2012,76.13
03-02-2012,76.54
06-02-2012,76.54
07-02-2012,76.88
08-02-2012,76.9
09-02-2012,77.42
10-02-2012,77.57
13-02-2012,77.52
14-02-2012,78.39
15-02-2012,78.22
16-02-2012,78.77
17-02-2012,79.33
21-02-2012,79.73
22-02-2012,80.3
23-02-2012,80.21
24-02-2012,80.88
27-02-2012,80.42
28-02-2012,80.44
29-02-2012,81.1
01-03-2012,81.16
02-03-2012,81.56
05-03-2012,81.43
06-03-2012,80.86
07-03-2012,81.06
08-03-2012,81.5
09-03-2012,82.59
12-03-2012,82.21
13-03-2012,82.66
14-03-2012,83.78
15-03-2012,83.28
16-03-2012,83.34
19-03-2012,83.31
20-03-2012,83.62
21-03-2012,83.62
22-03-2012,82.5
23-03-2012,82.35
26-03-2012,82.84
27-03-2012,83.15
28-03-2012,82.74
29-03-2012,82.28
30-03-2012,82.41
02-04-2012,82.16
03-04-2012,82.18
04-04-2012,82.62
05-04-2012,82.33
06-04-2012,81.56
09-04-2012,81.36
10-04-2012,80.94
11-04-2012,80.88
12-04-2012,80.87
13-04-2012,80.99
16-04-2012,80.46
17-04-2012,80.72
18-04-2012,81.29
19-04-2012,81.57
20-04-2012,81.6
23-04-2012,81.16
24-04-2012,81.21
25-04-2012,81.33
26-04-2012,80.78
27-04-2012,80.48
30-04-2012,79.81
01-05-2012,80.17
02-05-2012,80.19
03-05-2012,80.36
04-05-2012,79.84
07-05-2012,79.88
08-05-2012,79.79
09-05-2012,79.64
10-05-2012,79.91
11-05-2012,79.86
14-05-2012,79.83
15-05-2012,80.09
16-05-2012,80.32
17-05-2012,79.26
18-05-2012,79.14
21-05-2012,79.31
22-05-2012,79.98
23-05-2012,79.33
24-05-2012,79.47
25-05-2012,79.64
29-05-2012,79.44
30-05-2012,78.93
31-05-2012,78.29
01-06-2012,78.21
04-06-2012,78.3
05-06-2012,78.57
06-06-2012,79.11
07-06-2012,79.67
08-06-2012,79.47
11-06-2012,79.5
12-06-2012,79.44
13-06-2012,79.35
14-06-2012,79.29
15-06-2012,78.65
18-06-2012,78.95
19-06-2012,78.92
20-06-2012,79.54
21-06-2012,80.18
22-06-2012,80.52
25-06-2012,79.5
26-06-2012,79.46
27-06-2012,79.83
28-06-2012,79.35
29-06-2012,79.81
02-07-2012,79.42
03-07-2012,79.77
05-07-2012,79.95
06-07-2012,79.61
09-07-2012,79.66
10-07-2012,79.44
11-07-2012,79.7
12-07-2012,79.29
13-07-2012,79.2
16-07-2012,78.8
17-07-2012,79.04
18-07-2012,78.79
19-07-2012,78.6
20-07-2012,78.49
23-07-2012,78.38
24-07-2012,78.19
25-07-2012,78.21
26-07-2012,78.24
27-07-2012,78.55
30-07-2012,78.2
31-07-2012,78.1
01-08-2012,78.19
02-08-2012,78.22
03-08-2012,78.6
06-08-2012,78.17
07-08-2012,78.71
08-08-2012,78.44
09-08-2012,78.64
10-08-2012,78.24
13-08-2012,78.34
14-08-2012,78.82
15-08-2012,78.89
16-08-2012,79.25
17-08-2012,79.5
20-08-2012,79.41
21-08-2012,79.43
22-08-2012,79.19
23-08-2012,78.46
24-08-2012,78.65
27-08-2012,78.67
28-08-2012,78.5
29-08-2012,78.72
30-08-2012,78.55
31-08-2012,78.3
04-09-2012,78.35
05-09-2012,78.34
06-09-2012,78.96
07-09-2012,78.14
10-09-2012,78.24
11-09-2012,77.78
12-09-2012,77.86
13-09-2012,77.41
14-09-2012,78.22
17-09-2012,78.68
18-09-2012,78.59
19-09-2012,78.4
20-09-2012,78.3
21-09-2012,78.17
24-09-2012,77.9
25-09-2012,77.91
26-09-2012,77.78
27-09-2012,77.62
28-09-2012,77.92
01-10-2012,78
02-10-2012,78.01
03-10-2012,78.57
04-10-2012,78.44
05-10-2012,78.66
09-10-2012,78.23
10-10-2012,78.26
11-10-2012,78.44
12-10-2012,78.31
15-10-2012,78.76
16-10-2012,78.92
17-10-2012,78.74
18-10-2012,79.24
19-10-2012,79.26
22-10-2012,79.84
23-10-2012,79.79
24-10-2012,79.82
25-10-2012,80.04
26-10-2012,79.63
29-10-2012,79.81
30-10-2012,79.58
31-10-2012,79.94
01-11-2012,80.14
02-11-2012,80.53
05-11-2012,80.17
06-11-2012,80.28
07-11-2012,79.85
08-11-2012,79.74
09-11-2012,79.46
13-11-2012,79.42
14-11-2012,80.2
15-11-2012,81.16
16-11-2012,81.28
19-11-2012,81.18
20-11-2012,81.72
21-11-2012,82.36
23-11-2012,82.34
26-11-2012,82.11
27-11-2012,82.23
28-11-2012,81.84
29-11-2012,82.06
30-11-2012,82.54
03-12-2012,82.24
04-12-2012,81.86
05-12-2012,82.4
06-12-2012,82.29
07-12-2012,82.37
10-12-2012,82.37
11-12-2012,82.42
12-12-2012,83.1
13-12-2012,83.54
14-12-2012,83.52
17-12-2012,83.7
18-12-2012,84
19-12-2012,84.32
20-12-2012,84.33
21-12-2012,84.1
24-12-2012,84.81
26-12-2012,85.62
27-12-2012,86.06
28-12-2012,86.12
31-12-2012,86.64
02-01-2013,87.1
03-01-2013,86.92
04-01-2013,88.14
07-01-2013,87.68
08-01-2013,87.31
09-01-2013,87.9
10-01-2013,88.16
11-01-2013,89.22
14-01-2013,89.34
15-01-2013,88.65
16-01-2013,88.64
17-01-2013,89.41
18-01-2013,89.9
22-01-2013,88.62
23-01-2013,88.44
24-01-2013,90.04
25-01-2013,91.04
28-01-2013,90.73
29-01-2013,90.65
30-01-2013,91.05
31-01-2013,91.28
01-02-2013,92.54
04-02-2013,92.57
05-02-2013,93.34
06-02-2013,93.56
07-02-2013,93.24
08-02-2013,92.72
11-02-2013,93.44
12-02-2013,93.14
13-02-2013,93.39
14-02-2013,93.1
15-02-2013,93.64
19-02-2013,93.54
20-02-2013,93.53
21-02-2013,92.96
22-02-2013,93.35
25-02-2013,93.35
26-02-2013,91.38
27-02-2013,91.88
28-02-2013,92.36
01-03-2013,93.38
04-03-2013,93.32
05-03-2013,93.39
06-03-2013,93.64
07-03-2013,95
08-03-2013,96
11-03-2013,96.12
12-03-2013,95.96
13-03-2013,96
14-03-2013,96.16
15-03-2013,95.26
18-03-2013,94.92
19-03-2013,94.85
20-03-2013,95.51
21-03-2013,95.06
22-03-2013,94.48
25-03-2013,94.34
26-03-2013,94.22
27-03-2013,94.38
28-03-2013,94.02
29-03-2013,94.16
01-04-2013,93.3
02-04-2013,93.43
03-04-2013,92.96
04-04-2013,96.12
05-04-2013,96.86
08-04-2013,98.9
09-04-2013,99.02
10-04-2013,99.61
11-04-2013,99.42
12-04-2013,98.98
15-04-2013,98
16-04-2013,97.86
17-04-2013,97.74
18-04-2013,98.22
19-04-2013,99.28
22-04-2013,99.29
23-04-2013,99.43
24-04-2013,99.39
25-04-2013,99.42
26-04-2013,97.84
29-04-2013,98.09
30-04-2013,97.52
01-05-2013,97.28
02-05-2013,97.96
03-05-2013,99.1
06-05-2013,99.35
07-05-2013,99
08-05-2013,98.9
09-05-2013,99.29
10-05-2013,101.74
13-05-2013,101.84
14-05-2013,102.18
15-05-2013,102.44
16-05-2013,102.22
17-05-2013,102.98
20-05-2013,102.54
21-05-2013,102.36
22-05-2013,103.52
23-05-2013,101.66
24-05-2013,100.98
28-05-2013,102.07
29-05-2013,100.91
30-05-2013,101.06
31-05-2013,100.83
03-06-2013,99.18
04-06-2013,100.15
05-06-2013,99.16
06-06-2013,97.76
07-06-2013,97.2
10-06-2013,98.88
11-06-2013,96.82
12-06-2013,95.36
13-06-2013,94.29
14-06-2013,94.34
17-06-2013,94.87
18-06-2013,95.2
19-06-2013,95.22
20-06-2013,98.18
21-06-2013,97.48
24-06-2013,97.7
25-06-2013,97.87
26-06-2013,97.43
27-06-2013,98.4
28-06-2013,99.21
01-07-2013,99.62
02-07-2013,100.43
03-07-2013,99.82
05-07-2013,100.94
08-07-2013,101.07
09-07-2013,101.08
10-07-2013,100.1
11-07-2013,98.8
12-07-2013,99.39
15-07-2013,100.04
16-07-2013,99.37
17-07-2013,99.7
18-07-2013,100.6
19-07-2013,100.3
22-07-2013,99.6
23-07-2013,99.76
24-07-2013,100.21
25-07-2013,99.56
26-07-2013,98.24
29-07-2013,97.8
30-07-2013,98.02
31-07-2013,98.35
01-08-2013,99.3
02-08-2013,99.04
05-08-2013,98.54
06-08-2013,97.85
07-08-2013,96.72
08-08-2013,96.03
09-08-2013,96.24
12-08-2013,96.44
13-08-2013,98.06
14-08-2013,98.15
15-08-2013,97.81
16-08-2013,97.6
19-08-2013,97.94
20-08-2013,97.12
21-08-2013,97.66
22-08-2013,98.53
23-08-2013,98.57
26-08-2013,98.64
27-08-2013,97.3
28-08-2013,97.65
29-08-2013,98.46
30-08-2013,98.22
03-09-2013,99.43
04-09-2013,99.61
05-09-2013,100.08
06-09-2013,99.04
09-09-2013,99.55
10-09-2013,100.22
11-09-2013,100.08
12-09-2013,99.24
13-09-2013,99.38
16-09-2013,98.98
17-09-2013,99.16
18-09-2013,99.04
19-09-2013,99.33
20-09-2013,99.38
23-09-2013,98.76
24-09-2013,98.76
25-09-2013,98.62
26-09-2013,98.95
27-09-2013,98.3
30-09-2013,98.29
01-10-2013,98.05
02-10-2013,97.36
03-10-2013,97.08
04-10-2013,97.2
07-10-2013,97.02
08-10-2013,96.94
09-10-2013,97.23
10-10-2013,98.09
11-10-2013,98.42
15-10-2013,98.58
16-10-2013,98.9
17-10-2013,97.85
18-10-2013,97.77
21-10-2013,98.14
22-10-2013,98.18
23-10-2013,97.28
24-10-2013,97.36
25-10-2013,97.46
28-10-2013,97.7
29-10-2013,98.09
30-10-2013,98.14
31-10-2013,98.1
01-11-2013,98.78
04-11-2013,98.62
05-11-2013,98.6
06-11-2013,98.6
07-11-2013,98.56
08-11-2013,99.03
12-11-2013,99.65
13-11-2013,99.31
14-11-2013,99.93
15-11-2013,100.17
18-11-2013,100.04
19-11-2013,100.14
20-11-2013,100.02
21-11-2013,100.95
22-11-2013,101.29
25-11-2013,101.7
26-11-2013,101.38
27-11-2013,102.18
29-11-2013,102.45
02-12-2013,103.04
03-12-2013,102.36
04-12-2013,102.48
05-12-2013,101.82
06-12-2013,102.88
09-12-2013,103.22
10-12-2013,102.8
11-12-2013,102.38
12-12-2013,103.11
13-12-2013,103.28
16-12-2013,102.91
17-12-2013,102.63
18-12-2013,103.18
19-12-2013,104.16
20-12-2013,104.07
23-12-2013,104.06
24-12-2013,104.26
26-12-2013,104.72
27-12-2013,105.05
30-12-2013,105
31-12-2013,105.25
02-01-2014,104.84
03-01-2014,104.46
06-01-2014,104.38
07-01-2014,104.54
08-01-2014,104.87
09-01-2014,104.74
10-01-2014,104.06
13-01-2014,103.31
14-01-2014,103.8
15-01-2014,104.42
16-01-2014,104.32
17-01-2014,104.32
21-01-2014,104.14
22-01-2014,104.36
23-01-2014,103.65
24-01-2014,102.41
27-01-2014,102.26
28-01-2014,102.8
29-01-2014,102.2
30-01-2014,102.83
31-01-2014,102.28
03-02-2014,101.11
04-02-2014,101.62
05-02-2014,101.38
06-02-2014,101.84
07-02-2014,102.32
10-02-2014,102.14
11-02-2014,102.63
12-02-2014,102.48
13-02-2014,102.2
14-02-2014,101.82
18-02-2014,102.31
19-02-2014,102.3
20-02-2014,102.32
21-02-2014,102.71
24-02-2014,102.44
25-02-2014,102.2
26-02-2014,102.36
27-02-2014,102.12
28-02-2014,102.08
03-03-2014,101.36
04-03-2014,102.18
05-03-2014,102.32
06-03-2014,103.03
07-03-2014,103.38
10-03-2014,103.23
11-03-2014,103.18
12-03-2014,102.74
13-03-2014,102.12
14-03-2014,101.46
17-03-2014,101.62
18-03-2014,101.37
19-03-2014,101.54
20-03-2014,102.39
21-03-2014,102.38
24-03-2014,102.21
25-03-2014,102.32
26-03-2014,102.3
27-03-2014,102.1
28-03-2014,102.92
31-03-2014,102.98
01-04-2014,103.52
02-04-2014,103.82
03-04-2014,103.94
04-04-2014,103.39
07-04-2014,103.04
08-04-2014,102.12
09-04-2014,101.85
10-04-2014,101.43
11-04-2014,101.56
14-04-2014,101.81
15-04-2014,101.6
16-04-2014,102.3
17-04-2014,102.22
18-04-2014,102.43
21-04-2014,102.56
22-04-2014,102.6
23-04-2014,102.26
24-04-2014,102.34
25-04-2014,102.12
28-04-2014,102.46
29-04-2014,102.57
30-04-2014,102.14
01-05-2014,102.3
02-05-2014,102.34
05-05-2014,102.06
06-05-2014,101.57
07-05-2014,101.72
08-05-2014,101.66
09-05-2014,101.74
12-05-2014,102.1
13-05-2014,102.2
14-05-2014,101.75
15-05-2014,101.44
16-05-2014,101.5
19-05-2014,101.26
20-05-2014,101.26
21-05-2014,101.44
22-05-2014,101.76
23-05-2014,101.88
27-05-2014,102.14
28-05-2014,101.78
29-05-2014,101.58
30-05-2014,101.77
02-06-2014,102.3
03-06-2014,102.42
04-06-2014,102.69
05-06-2014,102.44
06-06-2014,102.5
09-06-2014,102.52
10-06-2014,102.37
11-06-2014,101.94
12-06-2014,101.83
13-06-2014,102.06
16-06-2014,101.82
17-06-2014,102.18
18-06-2014,102.16
19-06-2014,101.84
20-06-2014,102.14
23-06-2014,101.9
24-06-2014,102.13
25-06-2014,101.75
26-06-2014,101.66
27-06-2014,101.39
30-06-2014,101.28
01-07-2014,101.51
02-07-2014,101.76
03-07-2014,102.19
07-07-2014,101.84
08-07-2014,101.53
09-07-2014,101.7
10-07-2014,101.26
11-07-2014,101.33
14-07-2014,101.58
15-07-2014,101.62
16-07-2014,101.69
17-07-2014,101.3
18-07-2014,101.37
21-07-2014,101.34
22-07-2014,101.54
23-07-2014,101.5
24-07-2014,101.82
25-07-2014,101.81
28-07-2014,101.82
29-07-2014,102.12
30-07-2014,102.9
31-07-2014,102.75
01-08-2014,102.45
04-08-2014,102.47
05-08-2014,102.77
06-08-2014,102.34
07-08-2014,102.06
08-08-2014,101.91
11-08-2014,102.14
12-08-2014,102.22
13-08-2014,102.48
14-08-2014,102.44
15-08-2014,102.19
18-08-2014,102.54
19-08-2014,102.86
20-08-2014,103.36
21-08-2014,103.78
22-08-2014,103.97
25-08-2014,103.96
26-08-2014,104.12
27-08-2014,103.98
28-08-2014,103.78
29-08-2014,104
02-09-2014,105.1
03-09-2014,104.88
04-09-2014,105.22
05-09-2014,104.94
08-09-2014,105.65
09-09-2014,106.32
10-09-2014,106.76
11-09-2014,106.87
12-09-2014,107.24
15-09-2014,107.18
16-09-2014,106.91
17-09-2014,107.58
18-09-2014,108.69
19-09-2014,108.96
22-09-2014,108.88
23-09-2014,108.82
24-09-2014,108.92
25-09-2014,108.7
26-09-2014,109.32
29-09-2014,109.34
30-09-2014,109.66
01-10-2014,109.3
02-10-2014,108.1
03-10-2014,109.7
06-10-2014,109.08
07-10-2014,108.3
08-10-2014,108.41
09-10-2014,108
10-10-2014,107.83
14-10-2014,107.15
15-10-2014,106.06
16-10-2014,105.98
17-10-2014,106.72
20-10-2014,106.87
21-10-2014,106.7
22-10-2014,107.32
23-10-2014,108.16
24-10-2014,108.06
27-10-2014,107.71
28-10-2014,108
29-10-2014,108.1
30-10-2014,108.94
31-10-2014,112.09
03-11-2014,113.92
04-11-2014,113.44
05-11-2014,114.62
06-11-2014,114.87
07-11-2014,114.73
10-11-2014,114.78
12-11-2014,115.42
13-11-2014,115.63
14-11-2014,116.52
17-11-2014,116.44
18-11-2014,116.76
19-11-2014,117.7
20-11-2014,118.14
21-11-2014,117.74
24-11-2014,118.39
25-11-2014,117.99
26-11-2014,117.6
28-11-2014,118.7
01-12-2014,118.14
02-12-2014,119.1
03-12-2014,119.82
04-12-2014,119.67
05-12-2014,121.38
08-12-2014,120.89
09-12-2014,118.87
10-12-2014,118.5
11-12-2014,119.4
12-12-2014,118.22
15-12-2014,117.75
16-12-2014,117.28
17-12-2014,117.64
18-12-2014,118.84
19-12-2014,119.56
22-12-2014,119.84
23-12-2014,120.68
24-12-2014,120.45
29-12-2014,120.57
30-12-2014,119.34
31-12-2014,119.85
02-01-2015,120.2
05-01-2015,119.64
06-01-2015,118.26
07-01-2015,119.52
08-01-2015,119.51
09-01-2015,118.66
12-01-2015,118.32
13-01-2015,118.16
14-01-2015,116.78
15-01-2015,116.95
16-01-2015,117.45
20-01-2015,118.48
21-01-2015,117.86
22-01-2015,117.92
23-01-2015,117.8
26-01-2015,118.38
27-01-2015,117.62
28-01-2015,117.74
29-01-2015,118.31
30-01-2015,117.44
02-02-2015,117.33
03-02-2015,117.48
04-02-2015,117.58
05-02-2015,117.4
06-02-2015,119.16
09-02-2015,118.7
10-02-2015,119.32
11-02-2015,120.38
12-02-2015,118.72
13-02-2015,118.7
17-02-2015,118.99
18-02-2015,119.19
19-02-2015,118.84
20-02-2015,118.68
23-02-2015,118.88
24-02-2015,119.13
25-02-2015,118.88
26-02-2015,119.36
27-02-2015,119.72
02-03-2015,120.06
03-03-2015,119.47
04-03-2015,119.76
05-03-2015,120.22
06-03-2015,120.93
09-03-2015,121.17
10-03-2015,121.2
11-03-2015,121.5
12-03-2015,121.28
13-03-2015,121.17
16-03-2015,121.3
17-03-2015,121.28
18-03-2015,120.92
19-03-2015,120.9
20-03-2015,120.28
23-03-2015,119.74
24-03-2015,119.9
25-03-2015,119.37
26-03-2015,119.01
27-03-2015,119.15
30-03-2015,120.11
31-03-2015,119.96
01-04-2015,119.62
02-04-2015,119.74
03-04-2015,118.96
06-04-2015,119.05
07-04-2015,120.36
08-04-2015,119.96
09-04-2015,120.32
10-04-2015,120.29
13-04-2015,120.32
14-04-2015,119.26
15-04-2015,119.23
16-04-2015,119.18
17-04-2015,119.02
20-04-2015,119.27
21-04-2015,119.45
22-04-2015,119.9
23-04-2015,119.69
24-04-2015,118.98
27-04-2015,119.12
28-04-2015,118.8
29-04-2015,118.83
30-04-2015,119.86
01-05-2015,120.21
04-05-2015,120.25
05-05-2015,119.87
06-05-2015,119.42
07-05-2015,119.74
08-05-2015,119.78
11-05-2015,120.05
12-05-2015,119.8
13-05-2015,119.09
14-05-2015,119.2
15-05-2015,119.36
18-05-2015,119.82
19-05-2015,120.58
20-05-2015,121.28
21-05-2015,121.06
22-05-2015,121.45
26-05-2015,123.08
27-05-2015,123.76
28-05-2015,124.18
29-05-2015,123.98
01-06-2015,124.64
02-06-2015,124.19
03-06-2015,124.06
04-06-2015,124.56
05-06-2015,125.58
08-06-2015,125.08
09-06-2015,124.16
10-06-2015,122.72
11-06-2015,123.62
12-06-2015,123.23
15-06-2015,123.38
16-06-2015,123.39
17-06-2015,124.25
18-06-2015,122.87
19-06-2015,122.7
22-06-2015,123.28
23-06-2015,123.71
24-06-2015,124.24
25-06-2015,123.63
26-06-2015,123.92
29-06-2015,122.5
30-06-2015,122.1
01-07-2015,123.02
02-07-2015,123.14
06-07-2015,122.53
07-07-2015,122.16
08-07-2015,120.54
09-07-2015,121.22
10-07-2015,122.75
13-07-2015,123.35
14-07-2015,123.39
15-07-2015,123.89
16-07-2015,124.04
17-07-2015,124
20-07-2015,124.24
21-07-2015,123.93
22-07-2015,124.08
23-07-2015,123.88
24-07-2015,123.74
27-07-2015,123.24
28-07-2015,123.52
29-07-2015,123.86
30-07-2015,124.38
31-07-2015,123.94
03-08-2015,123.98
04-08-2015,124
05-08-2015,124.84
06-08-2015,124.6
07-08-2015,124.27
10-08-2015,124.55
11-08-2015,124.9
12-08-2015,123.87
13-08-2015,124.32
14-08-2015,124.27
17-08-2015,124.33
18-08-2015,124.39
19-08-2015,124.1
20-08-2015,123.54
21-08-2015,122.11
24-08-2015,118.56
25-08-2015,119.91
26-08-2015,119.07
27-08-2015,120.89
28-08-2015,121.32
31-08-2015,121.26
01-09-2015,119.94
02-09-2015,120
03-09-2015,120.2
04-09-2015,119.05
08-09-2015,119.72
09-09-2015,120.94
10-09-2015,120.71
11-09-2015,120.66
14-09-2015,119.92
15-09-2015,120.3
16-09-2015,120.62
17-09-2015,120.9
18-09-2015,119.85
21-09-2015,120.46
22-09-2015,120.04
23-09-2015,120.12
24-09-2015,119.54
25-09-2015,120.74
28-09-2015,119.82
29-09-2015,119.76
30-09-2015,119.81
01-10-2015,119.58
02-10-2015,119.42
05-10-2015,120.36
06-10-2015,120.18
07-10-2015,119.9
08-10-2015,119.94
09-10-2015,120.3
13-10-2015,119.8
14-10-2015,119.21
15-10-2015,118.26
16-10-2015,119.6
19-10-2015,119.5
20-10-2015,119.79
21-10-2015,119.91
22-10-2015,120.5
23-10-2015,121.2
26-10-2015,120.87
27-10-2015,120.29
28-10-2015,120.56
29-10-2015,121.14
30-10-2015,120.7
02-11-2015,120.7
03-11-2015,121.2
04-11-2015,121.52
05-11-2015,121.71
06-11-2015,123.2
09-11-2015,123.04
10-11-2015,123.22
12-11-2015,122.84
13-11-2015,122.93
16-11-2015,123.11
17-11-2015,123.48
18-11-2015,123.51
19-11-2015,122.71
20-11-2015,122.8
23-11-2015,123.02
24-11-2015,122.47
25-11-2015,122.7
27-11-2015,122.84
30-11-2015,123.22
01-12-2015,122.88
02-12-2015,123.52
03-12-2015,123.06
04-12-2015,123.1
07-12-2015,123.31
08-12-2015,123
09-12-2015,121.86
10-12-2015,121.44
11-12-2015,120.94
14-12-2015,120.57
15-12-2015,121.66
16-12-2015,121.88
17-12-2015,122.75
18-12-2015,121.2
21-12-2015,120.99
22-12-2015,120.94
23-12-2015,120.94
24-12-2015,120.32
28-12-2015,120.3
29-12-2015,120.44
30-12-2015,120.6
31-12-2015,120.27
04-01-2016,119.3
05-01-2016,118.95
06-01-2016,118.54
07-01-2016,118
08-01-2016,117.74
11-01-2016,117.48
12-01-2016,117.78
13-01-2016,118.06
14-01-2016,118.03
15-01-2016,116.78
19-01-2016,117.66
20-01-2016,116.38
21-01-2016,117.61
22-01-2016,118.37
25-01-2016,118.55
26-01-2016,118.5
27-01-2016,118.9
28-01-2016,118.61
29-01-2016,121.05
01-02-2016,121.06
02-02-2016,120.27
03-02-2016,117.92
04-02-2016,116.75
05-02-2016,116.99
08-02-2016,115.7
09-02-2016,114.8
10-02-2016,114.03
11-02-2016,111.72
12-02-2016,112.96
16-02-2016,113.9
17-02-2016,114.14
18-02-2016,113.62
19-02-2016,112.42
22-02-2016,113.12
23-02-2016,112.17
24-02-2016,111.36
25-02-2016,112.7
26-02-2016,113.78
29-02-2016,112.9
01-03-2016,113.94
02-03-2016,113.81
03-03-2016,113.53
04-03-2016,113.91
07-03-2016,113.6
08-03-2016,112.58
09-03-2016,113.06
10-03-2016,113.1
11-03-2016,113.66
14-03-2016,113.59
15-03-2016,112.88
16-03-2016,113.69
17-03-2016,111.3
18-03-2016,111.38
21-03-2016,111.62
22-03-2016,111.82
23-03-2016,112.63
24-03-2016,112.64
25-03-2016,113.05
28-03-2016,113.29
29-03-2016,113.33
30-03-2016,112.6
31-03-2016,112.42
01-04-2016,112.06
04-04-2016,111.18
05-04-2016,110.26
06-04-2016,109.63
07-04-2016,107.98
08-04-2016,108.36
11-04-2016,107.96
12-04-2016,108.54
13-04-2016,109.21
14-04-2016,109.2
15-04-2016,108.76
18-04-2016,108.85
19-04-2016,109.16
20-04-2016,109.51
21-04-2016,109.41
22-04-2016,111.5
25-04-2016,111.08
26-04-2016,111.23
27-04-2016,111.26
28-04-2016,108.55
29-04-2016,106.9
16-05-2016,108.89
17-05-2016,109.02
18-05-2016,109.65
19-05-2016,109.81
20-05-2016,110.52
23-05-2016,109.47
24-05-2016,110
25-05-2016,110.22
26-05-2016,109.74
27-05-2016,109.86
31-05-2016,110.75
01-06-2016,109.55
02-06-2016,108.75
03-06-2016,106.88
06-06-2016,107.33
07-06-2016,107.3
08-06-2016,106.99
09-06-2016,107.1
10-06-2016,106.97
13-06-2016,106.26
14-06-2016,106.11
15-06-2016,106.01
16-06-2016,104.26
17-06-2016,104.16
20-06-2016,103.94
21-06-2016,104.75
22-06-2016,104.41
23-06-2016,106.16
24-06-2016,102.22
27-06-2016,102
28-06-2016,102.75
29-06-2016,102.83
30-06-2016,103.2
01-07-2016,102.52
04-07-2016,102.56
05-07-2016,101.74
06-07-2016,101.32
07-07-2016,100.77
08-07-2016,100.54
11-07-2016,102.8
12-07-2016,104.69
13-07-2016,104.49
14-07-2016,105.35
15-07-2016,104.88
18-07-2016,106.16
19-07-2016,106.12
20-07-2016,106.89
21-07-2016,105.82
22-07-2016,106.13
25-07-2016,105.81
26-07-2016,104.66
27-07-2016,105.4
28-07-2016,105.27
29-07-2016,102.06
01-08-2016,102.39
02-08-2016,100.89
03-08-2016,101.24
04-08-2016,101.22
05-08-2016,101.82
08-08-2016,102.45
09-08-2016,101.88
10-08-2016,101.29
11-08-2016,101.96
12-08-2016,101.3
15-08-2016,101.26
16-08-2016,100.31
17-08-2016,100.28
18-08-2016,99.89
19-08-2016,100.22
22-08-2016,100.33
23-08-2016,100.24
24-08-2016,100.45
25-08-2016,100.53
26-08-2016,101.84
29-08-2016,101.92
30-08-2016,102.96
31-08-2016,103.43
01-09-2016,103.23
02-09-2016,103.92
05-09-2016,103.43
06-09-2016,102.02
07-09-2016,101.74
08-09-2016,102.49
09-09-2016,102.69
12-09-2016,101.85
13-09-2016,102.56
14-09-2016,102.43
15-09-2016,102.1
16-09-2016,102.29
19-09-2016,101.93
20-09-2016,101.7
21-09-2016,100.32
22-09-2016,100.76
23-09-2016,101.02
26-09-2016,100.33
27-09-2016,100.43
28-09-2016,100.69
29-09-2016,101.03
30-09-2016,101.35
03-10-2016,101.65
04-10-2016,102.9
05-10-2016,103.5
06-10-2016,103.95
07-10-2016,102.98
10-10-2016,103.61
11-10-2016,103.51
12-10-2016,104.21
13-10-2016,103.71
14-10-2016,104.18
17-10-2016,103.89
18-10-2016,103.87
19-10-2016,103.44
20-10-2016,103.95
21-10-2016,103.8
24-10-2016,104.18
25-10-2016,104.22
26-10-2016,104.47
27-10-2016,105.29
28-10-2016,104.74
31-10-2016,104.82
01-11-2016,104.15
02-11-2016,103.3
03-11-2016,102.98
04-11-2016,103.12
07-11-2016,104.46
08-11-2016,105.16
09-11-2016,105.67
10-11-2016,106.83
11-11-2016,106.65
14-11-2016,108.42
15-11-2016,109.2
16-11-2016,109.08
17-11-2016,110.12
18-11-2016,110.91
21-11-2016,110.82
22-11-2016,111.14
23-11-2016,112.52
24-11-2016,113.33
25-11-2016,113.22
28-11-2016,111.94
29-11-2016,112.38
30-11-2016,114.46
01-12-2016,114.1
02-12-2016,113.51
05-12-2016,113.85
06-12-2016,114.02
07-12-2016,113.77
08-12-2016,114.04
09-12-2016,115.32
12-12-2016,115.02
13-12-2016,115.19
14-12-2016,117.04
15-12-2016,118.18
16-12-2016,117.93
19-12-2016,117.09
20-12-2016,117.86
21-12-2016,117.55
22-12-2016,117.54
23-12-2016,117.33
26-12-2016,117.1
27-12-2016,117.43
28-12-2016,117.26
29-12-2016,116.54
30-12-2016,116.96
02-01-2017,117.55
03-01-2017,117.75
04-01-2017,117.25
05-01-2017,115.35
06-01-2017,117.02
09-01-2017,116.03
10-01-2017,115.77
11-01-2017,115.41
12-01-2017,114.72
13-01-2017,114.49
16-01-2017,114.2
17-01-2017,112.62
18-01-2017,114.65
19-01-2017,114.86
20-01-2017,114.62
23-01-2017,112.71
24-01-2017,113.79
25-01-2017,113.28
26-01-2017,114.53
27-01-2017,115.1
30-01-2017,113.77
31-01-2017,112.8
01-02-2017,113.25
02-02-2017,112.8
03-02-2017,112.61
06-02-2017,111.74
07-02-2017,112.39
08-02-2017,111.93
09-02-2017,113.25
10-02-2017,113.22
13-02-2017,113.74
14-02-2017,114.26
15-02-2017,114.16
16-02-2017,113.24
17-02-2017,112.84
20-02-2017,113.1
21-02-2017,113.68
22-02-2017,113.31
23-02-2017,112.61
24-02-2017,112.12
27-02-2017,112.7
28-02-2017,112.77
01-03-2017,113.73
02-03-2017,114.41
03-03-2017,114.04
06-03-2017,113.89
07-03-2017,113.98
08-03-2017,114.35
09-03-2017,114.95
10-03-2017,114.79
13-03-2017,114.88
14-03-2017,114.75
15-03-2017,113.38
16-03-2017,113.31
17-03-2017,112.7
20-03-2017,112.55
21-03-2017,111.71
22-03-2017,111.16
23-03-2017,110.94
24-03-2017,111.34
27-03-2017,110.66
28-03-2017,111.15
29-03-2017,111.04
30-03-2017,111.92
31-03-2017,111.39
03-04-2017,110.9
04-04-2017,110.74
05-04-2017,110.7
06-04-2017,110.81
07-04-2017,111.09
10-04-2017,110.94
11-04-2017,109.62
12-04-2017,109.03
13-04-2017,109.09
14-04-2017,108.64
17-04-2017,108.91
18-04-2017,108.43
19-04-2017,108.86
20-04-2017,109.32
21-04-2017,109.09
24-04-2017,109.77
25-04-2017,111.09
26-04-2017,111.06
27-04-2017,111.26
28-04-2017,111.49
01-05-2017,111.84
02-05-2017,111.99
03-05-2017,112.75
04-05-2017,112.46
05-05-2017,112.71
08-05-2017,113.26
09-05-2017,113.98
10-05-2017,114.28
11-05-2017,113.86
12-05-2017,113.38
15-05-2017,113.79
16-05-2017,113.12
17-05-2017,110.83
18-05-2017,111.49
19-05-2017,111.26
22-05-2017,111.3
23-05-2017,111.78
24-05-2017,111.49
25-05-2017,111.84
26-05-2017,111.33
29-05-2017,111.27
30-05-2017,110.85
31-05-2017,110.78
01-06-2017,111.37
02-06-2017,110.4
05-06-2017,110.45
06-06-2017,109.41
07-06-2017,109.82
08-06-2017,110.02
09-06-2017,110.32
12-06-2017,109.95
13-06-2017,110.07
14-06-2017,109.58
15-06-2017,110.93
16-06-2017,110.88
19-06-2017,111.53
20-06-2017,111.45
21-06-2017,111.38
22-06-2017,111.33
23-06-2017,111.28
26-06-2017,111.86
27-06-2017,112.35
28-06-2017,112.3
29-06-2017,112.18
30-06-2017,112.39
03-07-2017,113.38
04-07-2017,113.28
05-07-2017,113.26
06-07-2017,113.22
07-07-2017,113.92
10-07-2017,114.04
11-07-2017,113.94
12-07-2017,113.17
13-07-2017,113.28
14-07-2017,112.53
17-07-2017,112.63
18-07-2017,112.07
19-07-2017,111.97
20-07-2017,111.91
21-07-2017,111.13
24-07-2017,111.1
25-07-2017,111.89
26-07-2017,111.18
27-07-2017,111.26
28-07-2017,110.68
31-07-2017,110.26
01-08-2017,110.36
02-08-2017,110.72
03-08-2017,110.05
04-08-2017,110.69
07-08-2017,110.75
08-08-2017,110.32
09-08-2017,110.07
10-08-2017,109.2
11-08-2017,109.19
14-08-2017,109.63
15-08-2017,110.67
16-08-2017,110.19
17-08-2017,109.57
18-08-2017,109.18
21-08-2017,108.98
22-08-2017,109.57
23-08-2017,109.04
24-08-2017,109.56
25-08-2017,109.36
28-08-2017,109.25
29-08-2017,109.71
30-08-2017,110.24
31-08-2017,109.98
01-09-2017,110.25
04-09-2017,109.72
05-09-2017,108.81
06-09-2017,109.22
07-09-2017,108.45
08-09-2017,107.84
11-09-2017,109.39
12-09-2017,110.17
13-09-2017,110.49
14-09-2017,110.24
15-09-2017,110.83
18-09-2017,111.57
19-09-2017,111.59
20-09-2017,112.22
21-09-2017,112.48
22-09-2017,111.99
25-09-2017,111.73
26-09-2017,112.24
27-09-2017,112.84
28-09-2017,112.34
29-09-2017,112.51
02-10-2017,112.77
03-10-2017,112.85
04-10-2017,112.76
05-10-2017,112.82
06-10-2017,112.65
09-10-2017,112.68
10-10-2017,112.45
11-10-2017,112.5
12-10-2017,112.28
13-10-2017,111.82
16-10-2017,112.19
17-10-2017,112.2
18-10-2017,112.94
19-10-2017,112.54
20-10-2017,113.52
23-10-2017,113.43
24-10-2017,113.9
25-10-2017,113.74
26-10-2017,113.98
27-10-2017,113.67
30-10-2017,113.18
31-10-2017,113.64
01-11-2017,114.18
02-11-2017,114.08
03-11-2017,114.07
06-11-2017,113.71
07-11-2017,114.01
08-11-2017,113.87
09-11-2017,113.47
10-11-2017,113.53
13-11-2017,113.62
14-11-2017,113.46
15-11-2017,112.88
16-11-2017,113.06
17-11-2017,112.1
20-11-2017,112.62
21-11-2017,112.45
22-11-2017,111.22
23-11-2017,111.22
24-11-2017,111.53
27-11-2017,111.09
28-11-2017,111.48
29-11-2017,111.93
30-11-2017,112.54
01-12-2017,112.17
04-12-2017,112.41
05-12-2017,112.6
06-12-2017,112.29
07-12-2017,113.09
08-12-2017,113.48
11-12-2017,113.56
12-12-2017,113.55
13-12-2017,112.54
14-12-2017,112.39
15-12-2017,112.6
18-12-2017,112.55
19-12-2017,112.89
20-12-2017,113.4
21-12-2017,113.33
22-12-2017,113.29
25-12-2017,113.26
26-12-2017,113.23
27-12-2017,113.35
28-12-2017,112.87
29-12-2017,112.69
01-01-2018,112.63
02-01-2018,112.29
03-01-2018,112.51
04-01-2018,112.75
05-01-2018,113.05
08-01-2018,113.09
09-01-2018,112.65
10-01-2018,111.44
11-01-2018,111.26
12-01-2018,111.06
15-01-2018,110.54
16-01-2018,110.45
17-01-2018,111.29
18-01-2018,111.11
19-01-2018,110.77
22-01-2018,110.92
23-01-2018,110.31
24-01-2018,109.22
25-01-2018,109.41
26-01-2018,108.58
29-01-2018,108.96
30-01-2018,108.78
31-01-2018,109.19
01-02-2018,109.4
02-02-2018,110.17
05-02-2018,109.09
06-02-2018,109.56
07-02-2018,109.33
08-02-2018,108.74
09-02-2018,108.8
12-02-2018,108.66
13-02-2018,107.82
14-02-2018,107.01
15-02-2018,106.13
16-02-2018,106.21
19-02-2018,106.59
20-02-2018,107.33
21-02-2018,107.78
22-02-2018,106.75
23-02-2018,106.796
24-02-2018,106.796
25-02-2018,107.073
26-02-2018,107.073
27-02-2018,107.422
28-02-2018,106.635
01-03-2018,106.176
02-03-2018,105.716
03-03-2018,105.716
04-03-2018,105.557
05-03-2018,106.248
06-03-2018,105.535
07-03-2018,106.181
08-03-2018,106.41
09-03-2018,106.77
10-03-2018,106.77
11-03-2018,106.882
12-03-2018,106.28
13-03-2018,106.492
14-03-2018,106.157
15-03-2018,106.314
16-03-2018,105.976
17-03-2018,105.976
18-03-2018,105.964
19-03-2018,106.002
20-03-2018,106.46
21-03-2018,105.939
22-03-2018,104.973
23-03-2018,104.729
24-03-2018,104.729
25-03-2018,104.842
26-03-2018,105.505
27-03-2018,105.473
28-03-2018,106.81
29-03-2018,106.477
30-03-2018,106.248
31-03-2018,106.248
01-04-2018,106.312
02-04-2018,105.804
03-04-2018,106.434
04-04-2018,106.779
05-04-2018,107.072
06-04-2018,106.892
07-04-2018,106.892
08-04-2018,106.967
09-04-2018,106.749
10-04-2018,107.122
11-04-2018,106.834
12-04-2018,107.2
13-04-2018,107.3204
14-04-2018,107.3204
15-04-2018,107.503
16-04-2018,107.047
17-04-2018,107.013
18-04-2018,107.339
19-04-2018,107.44
20-04-2018,107.647
21-04-2018,107.647
22-04-2018,107.878
23-04-2018,108.77
24-04-2018,108.8
25-04-2018,109.36
26-04-2018,109.309
27-04-2018,109.033
28-04-2018,109.033
29-04-2018,109.113
30-04-2018,109.314
01-05-2018,109.86
02-05-2018,109.825
03-05-2018,109.1
04-05-2018,109.101
05-05-2018,109.101
06-05-2018,109.173
07-05-2018,108.939
08-05-2018,109.025
09-05-2018,109.853
10-05-2018,109.448
11-05-2018,109.38
12-05-2018,109.38
13-05-2018,109.35
14-05-2018,109.713
15-05-2018,110.299
16-05-2018,110.368
17-05-2018,110.833
18-05-2018,110.776
19-05-2018,110.776
20-05-2018,110.879
21-05-2018,110.98
22-05-2018,110.729
23-05-2018,109.887
24-05-2018,109.317
25-05-2018,109.425
26-05-2018,109.425
27-05-2018,109.59
28-05-2018,109.398
29-05-2018,108.393
30-05-2018,108.711
31-05-2018,108.753
01-06-2018,109.518
02-06-2018,109.518
03-06-2018,109.601
04-06-2018,109.96
05-06-2018,109.877
06-06-2018,110.137
07-06-2018,109.704
08-06-2018,109.515
09-06-2018,109.515
10-06-2018,109.455
11-06-2018,110.382
12-06-2018,110.452
13-06-2018,110.247
14-06-2018,110.642
15-06-2018,110.635
16-06-2018,110.635
17-06-2018,110.627
18-06-2018,110.122
19-06-2018,110.074
20-06-2018,110.359
21-06-2018,109.962
22-06-2018,109.855
23-06-2018,109.855
24-06-2018,109.922
25-06-2018,109.642
26-06-2018,110.112
27-06-2018,110.222
28-06-2018,110.489
29-06-2018,110.67
30-06-2018,110.67
01-07-2018,110.713
02-07-2018,110.87
03-07-2018,110.442
04-07-2018,110.49
05-07-2018,110.562
06-07-2018,110.464
07-07-2018,110.464
08-07-2018,110.425
09-07-2018,110.959
10-07-2018,110.844
11-07-2018,111.956
12-07-2018,112.66
13-07-2018,112.33
14-07-2018,112.33
15-07-2018,112.4
16-07-2018,112.385
17-07-2018,113
18-07-2018,112.81
19-07-2018,112.35
20-07-2018,111.416
21-07-2018,111.416
22-07-2018,111.4161
23-07-2018,111.464
24-07-2018,111.235
25-07-2018,110.86
26-07-2018,111.148
27-07-2018,111.021
28-07-2018,111.021
29-07-2018,110.9375
30-07-2018,110.9965
31-07-2018,111.811
01-08-2018,111.6225
02-08-2018,111.6925
03-08-2018,111.265
04-08-2018,111.265
05-08-2018,111.2365
06-08-2018,111.3375
07-08-2018,111.344
08-08-2018,110.904
09-08-2018,111.0875
10-08-2018,110.875
11-08-2018,110.875
12-08-2018,110.6475
13-08-2018,110.6765
14-08-2018,111.2565
15-08-2018,110.6345
16-08-2018,111.001
17-08-2018,110.505
18-08-2018,110.505
19-08-2018,110.483
20-08-2018,109.986
21-08-2018,110.1655
22-08-2018,110.6131
23-08-2018,111.3955
24-08-2018,111.235
25-08-2018,111.235
26-08-2018,111.2855
27-08-2018,111.1405
28-08-2018,111.165
29-08-2018,111.7145
30-08-2018,111.004
31-08-2018,111.0404
01-09-2018,111.0404
02-09-2018,111.1471
03-09-2018,111.0905
04-09-2018,111.4635
05-09-2018,111.4515
06-09-2018,110.4975
07-09-2018,111.005
08-09-2018,111.005
09-09-2018,110.923
10-09-2018,111.1515
11-09-2018,111.6095
12-09-2018,111.223
13-09-2018,112.036
14-09-2018,112.055
15-09-2018,112.055
17-09-2018,111.751
18-09-2018,112.3445
19-09-2018,112.278
20-09-2018,112.475
21-09-2018,112.565
22-09-2018,112.565
24-09-2018,112.8055
25-09-2018,112.9801
26-09-2018,112.732
27-09-2018,113.3885
28-09-2018,113.688
29-09-2018,113.688
01-10-2018,113.996
02-10-2018,113.6525
03-10-2018,114.441
04-10-2018,113.899
05-10-2018,113.725
06-10-2018,113.725
08-10-2018,113.161
09-10-2018,113.005
10-10-2018,112.2315
11-10-2018,112.0745
12-10-2018,112.213
13-10-2018,112.213
15-10-2018,111.7702
16-10-2018,112.306
17-10-2018,112.6195
18-10-2018,112.1965
19-10-2018,112.5504
20-10-2018,112.5504
22-10-2018,112.8203
23-10-2018,112.3905
24-10-2018,112.0755
25-10-2018,112.368
26-10-2018,111.897
27-10-2018,111.897
29-10-2018,112.3525
30-10-2018,113.092
31-10-2018,112.945
01-11-2018,112.604
02-11-2018,113.205
03-11-2018,113.205
05-11-2018,113.198
06-11-2018,113.423
07-11-2018,113.5185
08-11-2018,114.038
09-11-2018,113.8304
10-11-2018,113.8304
12-11-2018,113.807
13-11-2018,113.8215
14-11-2018,113.598
15-11-2018,113.554
16-11-2018,112.835
17-11-2018,112.835
19-11-2018,112.4955
20-11-2018,112.732
21-11-2018,113.102
22-11-2018,112.9595
23-11-2018,112.9504
24-11-2018,112.9504
26-11-2018,113.567
27-11-2018,113.753
28-11-2018,113.622
29-11-2018,113.432
30-11-2018,113.508
01-12-2018,113.508
03-12-2018,113.6297
04-12-2018,112.77
05-12-2018,113.142
06-12-2018,112.727
07-12-2018,112.733
08-12-2018,112.733
10-12-2018,113.263
11-12-2018,113.381
12-12-2018,113.2785
13-12-2018,113.608
14-12-2018,113.436
15-12-2018,113.436
17-12-2018,112.826
18-12-2018,112.485
19-12-2018,112.422
20-12-2018,111.286
21-12-2018,111.235
22-12-2018,111.235
24-12-2018,110.442
25-12-2018,110.226
26-12-2018,111.3098
27-12-2018,110.9501
28-12-2018,110.275
29-12-2018,110.275
31-12-2018,109.655
